,repo_id,actor_count,year_month,community
0,65711522,15,2016-11,Paddle
1,73922086,1,2016-12,
2,75912778,1,2016-12,
3,75261722,1,2016-12,
4,76994289,1,2016-12,
5,75804012,3,2016-12,
6,76616099,10,2016-12,
7,65711522,39,2016-12,Paddle
8,78274119,1,2017-01,
9,76616099,8,2017-01,
10,65711522,24,2017-01,Paddle
11,76616099,12,2017-02,
12,65711522,17,2017-02,Paddle
13,78517160,2,2017-03,
14,76616099,21,2017-03,
15,65711522,21,2017-03,Paddle
16,78517160,1,2017-04,
17,88868842,1,2017-04,models
18,89484677,2,2017-04,
19,88829446,2,2017-04,
20,88800008,3,2017-04,
21,76616099,13,2017-04,
22,65711522,20,2017-04,Paddle
23,88800008,2,2017-05,
24,89484677,3,2017-05,
25,76616099,10,2017-05,
26,88868842,15,2017-05,models
27,65711522,29,2017-05,Paddle
28,93210289,2,2017-06,
29,89484677,3,2017-06,
30,76616099,6,2017-06,
31,88868842,11,2017-06,models
32,65711522,29,2017-06,Paddle
33,93210289,2,2017-07,
34,98599362,2,2017-07,
35,79296035,2,2017-07,
36,89484677,4,2017-07,
37,76616099,9,2017-07,
38,88868842,11,2017-07,models
39,65711522,27,2017-07,Paddle
40,93210289,1,2017-08,
41,99488243,1,2017-08,
42,79296035,1,2017-08,
43,98356563,1,2017-08,
44,98599362,2,2017-08,
45,76616099,2,2017-08,
46,101101544,3,2017-08,
47,88868842,8,2017-08,models
48,89484677,8,2017-08,
49,65711522,30,2017-08,Paddle
50,98599362,2,2017-09,
51,79296035,2,2017-09,
52,101101544,2,2017-09,
53,89484677,2,2017-09,
54,103466347,4,2017-09,
55,88868842,16,2017-09,models
56,76616099,16,2017-09,
57,65711522,41,2017-09,Paddle
58,88800008,1,2017-10,
59,98356563,1,2017-10,
60,105948868,2,2017-10,
61,103829150,2,2017-10,
62,101101544,2,2017-10,
63,76616099,2,2017-10,
64,98599362,4,2017-10,
65,103466347,6,2017-10,
66,89484677,7,2017-10,
67,88868842,8,2017-10,models
68,65711522,39,2017-10,Paddle
69,105948868,1,2017-11,
70,98356563,1,2017-11,
71,101101544,2,2017-11,
72,109658668,3,2017-11,
73,110688239,4,2017-11,
74,103466347,4,2017-11,
75,98599362,5,2017-11,
76,76616099,5,2017-11,
77,89484677,6,2017-11,
78,88868842,16,2017-11,models
79,65711522,47,2017-11,Paddle
80,105948868,1,2017-12,
81,88829446,1,2017-12,
82,75261722,2,2017-12,
83,101101544,2,2017-12,
84,89484677,2,2017-12,
85,110688239,3,2017-12,
86,103466347,4,2017-12,
87,88800008,4,2017-12,
88,76616099,5,2017-12,
89,114885555,5,2017-12,
90,98599362,6,2017-12,
91,88868842,9,2017-12,models
92,65711522,43,2017-12,Paddle
93,93210289,1,2018-01,
94,110688239,1,2018-01,
95,75261722,1,2018-01,
96,105948868,1,2018-01,
97,76616099,2,2018-01,
98,101101544,2,2018-01,
99,98599362,2,2018-01,
100,103466347,2,2018-01,
101,109658668,3,2018-01,
102,89484677,7,2018-01,
103,114885555,10,2018-01,
104,88868842,18,2018-01,models
105,65711522,45,2018-01,Paddle
106,76616099,3,2018-02,
107,110688239,3,2018-02,
108,101101544,3,2018-02,
109,114885555,5,2018-02,
110,103466347,5,2018-02,
111,89484677,7,2018-02,
112,88868842,16,2018-02,models
113,65711522,40,2018-02,Paddle
114,103466347,3,2018-03,
115,125206311,3,2018-03,
116,110688239,3,2018-03,
117,114885555,4,2018-03,
118,101101544,4,2018-03,
119,76616099,5,2018-03,
120,89484677,7,2018-03,
121,123634214,7,2018-03,
122,88868842,25,2018-03,models
123,65711522,59,2018-03,Paddle
124,98356563,1,2018-04,
125,131044128,1,2018-04,
126,89484677,1,2018-04,
127,127693333,1,2018-04,
128,110688239,2,2018-04,
129,101101544,2,2018-04,
130,76616099,3,2018-04,
131,103466347,4,2018-04,
132,123634214,4,2018-04,
133,127058653,4,2018-04,
134,114885555,4,2018-04,
135,98599362,4,2018-04,
136,125206311,4,2018-04,
137,104208128,5,2018-04,
138,88868842,33,2018-04,models
139,65711522,57,2018-04,Paddle
140,88829446,1,2018-05,
141,98599362,1,2018-05,
142,110688239,1,2018-05,
143,89484677,1,2018-05,
144,123634214,2,2018-05,
145,103466347,2,2018-05,
146,101101544,2,2018-05,
147,127693333,3,2018-05,
148,125206311,3,2018-05,
149,114885555,3,2018-05,
150,127058653,4,2018-05,
151,131044128,4,2018-05,
152,76616099,5,2018-05,
153,104208128,6,2018-05,
154,133907444,7,2018-05,
155,88868842,22,2018-05,models
156,65711522,58,2018-05,Paddle
157,110688239,2,2018-06,
158,89484677,2,2018-06,
159,127058653,2,2018-06,
160,114885555,2,2018-06,
161,137793455,3,2018-06,
162,103466347,3,2018-06,
163,131044128,3,2018-06,
164,125206311,3,2018-06,
165,123634214,3,2018-06,
166,127693333,5,2018-06,
167,76616099,6,2018-06,
168,104208128,9,2018-06,
169,136450404,12,2018-06,
170,133907444,15,2018-06,
171,88868842,23,2018-06,models
172,65711522,52,2018-06,Paddle
173,125206311,2,2018-07,
174,137793455,3,2018-07,
175,114885555,3,2018-07,
176,123634214,3,2018-07,
177,136450404,5,2018-07,
178,76616099,6,2018-07,
179,103466347,6,2018-07,
180,127693333,6,2018-07,
181,139537415,10,2018-07,
182,104208128,13,2018-07,
183,133907444,14,2018-07,
184,88868842,19,2018-07,models
185,65711522,44,2018-07,Paddle
186,139537415,1,2018-08,
187,93210289,1,2018-08,
188,127058653,1,2018-08,
189,131044128,1,2018-08,
190,125206311,1,2018-08,
191,101101544,2,2018-08,
192,114885555,3,2018-08,
193,123634214,3,2018-08,
194,103466347,3,2018-08,
195,136450404,4,2018-08,
196,76616099,5,2018-08,
197,127693333,11,2018-08,
198,104208128,12,2018-08,
199,133907444,17,2018-08,
200,88868842,21,2018-08,models
201,65711522,41,2018-08,Paddle
202,123634214,1,2018-09,
203,131044128,1,2018-09,
204,125206311,1,2018-09,
205,114885555,2,2018-09,
206,101101544,3,2018-09,
207,76616099,4,2018-09,
208,103466347,4,2018-09,
209,136450404,9,2018-09,
210,127693333,9,2018-09,
211,104208128,10,2018-09,
212,133907444,13,2018-09,
213,88868842,24,2018-09,models
214,65711522,48,2018-09,Paddle
215,131044128,1,2018-10,
216,101101544,2,2018-10,
217,125206311,2,2018-10,
218,127693333,4,2018-10,
219,133907444,5,2018-10,
220,103466347,5,2018-10,
221,76616099,6,2018-10,
222,104208128,15,2018-10,
223,136450404,20,2018-10,
224,88868842,26,2018-10,models
225,65711522,45,2018-10,Paddle
226,89484677,1,2018-11,
227,75912778,1,2018-11,
228,125206311,2,2018-11,
229,127693333,2,2018-11,
230,101101544,2,2018-11,
231,131044128,2,2018-11,
232,127058653,2,2018-11,
233,76616099,2,2018-11,
234,114885555,2,2018-11,
235,103466347,5,2018-11,
236,133907444,9,2018-11,
237,104208128,12,2018-11,
238,88868842,24,2018-11,models
239,136450404,25,2018-11,
240,65711522,50,2018-11,Paddle
241,75912778,1,2018-12,
242,139537415,1,2018-12,
243,161509700,2,2018-12,
244,101101544,2,2018-12,
245,125206311,2,2018-12,
246,114885555,3,2018-12,
247,103466347,3,2018-12,
248,133907444,3,2018-12,
249,131044128,3,2018-12,
250,127693333,4,2018-12,
251,76616099,4,2018-12,
252,104208128,10,2018-12,
253,136450404,15,2018-12,
254,88868842,24,2018-12,models
255,65711522,60,2018-12,Paddle
256,114885555,1,2019-01,
257,75912778,1,2019-01,
258,125206311,2,2019-01,
259,164796418,2,2019-01,
260,133907444,2,2019-01,
261,101101544,2,2019-01,
262,131044128,2,2019-01,
263,127693333,3,2019-01,
264,103466347,4,2019-01,
265,76616099,7,2019-01,
266,104208128,8,2019-01,
267,136450404,11,2019-01,
268,88868842,30,2019-01,models
269,65711522,56,2019-01,Paddle
270,164796418,1,2019-02,
271,139537415,1,2019-02,
272,131044128,2,2019-02,
273,171811851,2,2019-02,
274,114885555,2,2019-02,
275,127693333,2,2019-02,
276,103466347,3,2019-02,
277,161509700,3,2019-02,
278,104208128,6,2019-02,
279,76616099,8,2019-02,
280,136450404,16,2019-02,
281,88868842,21,2019-02,models
282,65711522,59,2019-02,Paddle
283,114885555,1,2019-03,
284,75912778,1,2019-03,
285,123634214,2,2019-03,
286,131044128,2,2019-03,
287,161509700,2,2019-03,
288,173032424,3,2019-03,
289,127693333,3,2019-03,
290,173544440,4,2019-03,
291,164796418,4,2019-03,
292,76616099,6,2019-03,
293,104208128,8,2019-03,
294,136450404,14,2019-03,
295,88868842,30,2019-03,models
296,65711522,62,2019-03,Paddle
297,178685945,1,2019-04,
298,75912778,1,2019-04,
299,110688239,1,2019-04,
300,125206311,1,2019-04,
301,161509700,2,2019-04,
302,133907444,2,2019-04,
303,164796418,2,2019-04,
304,103466347,2,2019-04,
305,127693333,3,2019-04,
306,162672577,3,2019-04,PaddleHub
307,131044128,3,2019-04,
308,171811851,3,2019-04,
309,76616099,5,2019-04,
310,173544440,5,2019-04,
311,173032424,11,2019-04,
312,104208128,12,2019-04,
313,136450404,20,2019-04,
314,88868842,42,2019-04,models
315,65711522,70,2019-04,Paddle
316,75912778,1,2019-05,
317,133907444,1,2019-05,
318,125206311,1,2019-05,
319,164796418,1,2019-05,
320,178685945,1,2019-05,
321,161509700,2,2019-05,
322,103466347,2,2019-05,
323,93210289,2,2019-05,
324,131044128,2,2019-05,
325,162672577,3,2019-05,PaddleHub
326,173544440,4,2019-05,
327,127693333,6,2019-05,
328,173032424,8,2019-05,
329,76616099,10,2019-05,
330,104208128,12,2019-05,
331,136450404,13,2019-05,
332,88868842,48,2019-05,models
333,65711522,80,2019-05,Paddle
334,133907444,1,2019-06,
335,75912778,1,2019-06,
336,125206311,1,2019-06,
337,131044128,2,2019-06,
338,178685945,2,2019-06,
339,179445887,2,2019-06,
340,127058653,2,2019-06,
341,164796418,2,2019-06,
342,110688239,2,2019-06,
343,103466347,2,2019-06,
344,161509700,3,2019-06,
345,114885555,3,2019-06,
346,191286408,3,2019-06,
347,162672577,4,2019-06,PaddleHub
348,127693333,4,2019-06,
349,173544440,6,2019-06,
350,104208128,7,2019-06,
351,173032424,8,2019-06,
352,76616099,11,2019-06,
353,136450404,24,2019-06,
354,88868842,54,2019-06,models
355,65711522,86,2019-06,Paddle
356,103466347,1,2019-07,
357,171811851,1,2019-07,
358,75912778,1,2019-07,
359,196743910,2,2019-07,
360,114885555,2,2019-07,
361,178685945,3,2019-07,
362,164796418,3,2019-07,
363,131044128,3,2019-07,
364,162672577,3,2019-07,PaddleHub
365,127693333,3,2019-07,
366,161509700,4,2019-07,
367,173032424,4,2019-07,
368,173544440,7,2019-07,
369,104208128,7,2019-07,
370,133907444,7,2019-07,
371,76616099,10,2019-07,
372,136450404,22,2019-07,
373,88868842,54,2019-07,models
374,65711522,89,2019-07,Paddle
375,197501786,1,2019-08,
376,110688239,1,2019-08,
377,203514079,2,2019-08,
378,127058653,2,2019-08,
379,164796418,3,2019-08,
380,162672577,3,2019-08,PaddleHub
381,196743910,3,2019-08,
382,131044128,4,2019-08,
383,178685945,4,2019-08,
384,127693333,5,2019-08,
385,161509700,6,2019-08,
386,204380779,7,2019-08,PaddleSeg
387,76616099,9,2019-08,
388,173032424,9,2019-08,
389,173544440,12,2019-08,
390,136450404,17,2019-08,
391,104208128,28,2019-08,
392,88868842,47,2019-08,models
393,65711522,89,2019-08,Paddle
394,171811851,2,2019-09,
395,127058653,2,2019-09,
396,203899406,2,2019-09,
397,210520127,3,2019-09,
398,196743910,3,2019-09,
399,203514079,3,2019-09,
400,131044128,4,2019-09,
401,164796418,4,2019-09,
402,178685945,5,2019-09,
403,173544440,6,2019-09,
404,162672577,6,2019-09,PaddleHub
405,173032424,7,2019-09,
406,204380779,7,2019-09,PaddleSeg
407,76616099,7,2019-09,
408,161509700,8,2019-09,
409,104208128,28,2019-09,
410,88868842,57,2019-09,models
411,136450404,88,2019-09,
412,65711522,91,2019-09,Paddle
413,210520127,1,2019-10,
414,127058653,1,2019-10,
415,114885555,1,2019-10,
416,191286408,2,2019-10,
417,110688239,2,2019-10,
418,127693333,2,2019-10,
419,203899406,2,2019-10,
420,173544440,2,2019-10,
421,203514079,2,2019-10,
422,164796418,3,2019-10,
423,123634214,3,2019-10,
424,210873203,3,2019-10,
425,217475193,3,2019-10,PaddleDetection
426,131044128,4,2019-10,
427,178685945,4,2019-10,
428,162672577,5,2019-10,PaddleHub
429,173032424,6,2019-10,
430,76616099,7,2019-10,
431,204380779,8,2019-10,PaddleSeg
432,161509700,9,2019-10,
433,104208128,24,2019-10,
434,88868842,47,2019-10,models
435,136450404,58,2019-10,
436,65711522,97,2019-10,Paddle
437,114885555,1,2019-11,
438,103466347,1,2019-11,
439,127058653,1,2019-11,
440,210520127,2,2019-11,
441,191286408,2,2019-11,
442,110688239,2,2019-11,
443,210873203,3,2019-11,
444,203514079,3,2019-11,
445,131044128,3,2019-11,
446,203899406,3,2019-11,
447,178685945,4,2019-11,
448,127693333,4,2019-11,
449,173544440,4,2019-11,
450,164796418,4,2019-11,
451,162672577,5,2019-11,PaddleHub
452,173032424,5,2019-11,
453,161509700,8,2019-11,
454,204380779,9,2019-11,PaddleSeg
455,217475193,10,2019-11,PaddleDetection
456,104208128,27,2019-11,
457,136450404,29,2019-11,
458,88868842,43,2019-11,models
459,65711522,79,2019-11,Paddle
460,98599362,1,2019-12,
461,224622052,1,2019-12,
462,228297846,1,2019-12,
463,114885555,1,2019-12,
464,191286408,2,2019-12,
465,173544440,2,2019-12,
466,110688239,2,2019-12,
467,196743910,2,2019-12,
468,210520127,2,2019-12,
469,203899406,2,2019-12,
470,131044128,3,2019-12,
471,227347371,3,2019-12,
472,210873203,3,2019-12,
473,164796418,3,2019-12,
474,225549581,3,2019-12,
475,203514079,4,2019-12,
476,227880026,4,2019-12,
477,228290594,5,2019-12,PaddleSlim
478,127693333,5,2019-12,
479,173032424,5,2019-12,
480,178685945,6,2019-12,
481,204380779,7,2019-12,PaddleSeg
482,162672577,9,2019-12,PaddleHub
483,161509700,10,2019-12,
484,217475193,14,2019-12,PaddleDetection
485,104208128,21,2019-12,
486,136450404,38,2019-12,
487,88868842,47,2019-12,models
488,65711522,90,2019-12,Paddle
489,110688239,1,2020-01,
490,203899406,1,2020-01,
491,137793455,1,2020-01,
492,228297846,1,2020-01,
493,227880026,1,2020-01,
494,127058653,1,2020-01,
495,171811851,2,2020-01,
496,173032424,2,2020-01,
497,191286408,2,2020-01,
498,178685945,2,2020-01,
499,227347371,2,2020-01,
500,196743910,2,2020-01,
501,203514079,2,2020-01,
502,210520127,2,2020-01,
503,210873203,2,2020-01,
504,123634214,2,2020-01,
505,131044128,2,2020-01,
506,173544440,3,2020-01,
507,76616099,4,2020-01,
508,204380779,5,2020-01,PaddleSeg
509,161509700,6,2020-01,
510,162672577,7,2020-01,PaddleHub
511,127693333,7,2020-01,
512,228290594,11,2020-01,PaddleSlim
513,217475193,11,2020-01,PaddleDetection
514,104208128,15,2020-01,
515,136450404,29,2020-01,
516,88868842,41,2020-01,models
517,65711522,82,2020-01,Paddle
518,103466347,1,2020-02,
519,196743910,1,2020-02,
520,227347371,1,2020-02,
521,127058653,1,2020-02,
522,110688239,1,2020-02,
523,225549581,1,2020-02,
524,173544440,1,2020-02,
525,114885555,2,2020-02,
526,191286408,2,2020-02,
527,240230342,2,2020-02,
528,76616099,2,2020-02,
529,210873203,2,2020-02,
530,210520127,2,2020-02,
531,203514079,2,2020-02,
532,227880026,2,2020-02,
533,131044128,3,2020-02,
534,178685945,3,2020-02,
535,164796418,3,2020-02,
536,204380779,4,2020-02,PaddleSeg
537,127693333,4,2020-02,
538,161509700,6,2020-02,
539,162672577,8,2020-02,PaddleHub
540,228290594,8,2020-02,PaddleSlim
541,173032424,9,2020-02,
542,217475193,11,2020-02,PaddleDetection
543,240226378,18,2020-02,
544,104208128,21,2020-02,
545,88868842,42,2020-02,models
546,136450404,48,2020-02,
547,65711522,81,2020-02,Paddle
548,76616099,1,2020-03,
549,203736612,1,2020-03,
550,225549581,1,2020-03,
551,203899406,1,2020-03,
552,227880026,1,2020-03,
553,210873203,2,2020-03,
554,191286408,2,2020-03,
555,227347371,2,2020-03,
556,203514079,2,2020-03,
557,123634214,2,2020-03,
558,250154445,2,2020-03,
559,210520127,2,2020-03,
560,246509073,3,2020-03,
561,164796418,3,2020-03,
562,173544440,3,2020-03,
563,178685945,4,2020-03,
564,240230342,4,2020-03,
565,196743910,4,2020-03,
566,131044128,5,2020-03,
567,240226378,5,2020-03,
568,114885555,5,2020-03,
569,244790548,5,2020-03,
570,204380779,5,2020-03,PaddleSeg
571,228297846,5,2020-03,
572,127693333,6,2020-03,
573,161509700,6,2020-03,
574,228290594,7,2020-03,PaddleSlim
575,173032424,10,2020-03,
576,162672577,10,2020-03,PaddleHub
577,217475193,12,2020-03,PaddleDetection
578,104208128,23,2020-03,
579,136450404,36,2020-03,
580,88868842,40,2020-03,models
581,65711522,87,2020-03,Paddle
582,133907444,1,2020-04,
583,203736612,1,2020-04,
584,259220361,1,2020-04,
585,196743910,1,2020-04,
586,250154445,1,2020-04,
587,227880026,1,2020-04,
588,123634214,1,2020-04,
589,225549581,2,2020-04,
590,164796418,2,2020-04,
591,210520127,2,2020-04,
592,114885555,2,2020-04,
593,173544440,2,2020-04,
594,127058653,2,2020-04,
595,203514079,2,2020-04,
596,243677660,2,2020-04,
597,76616099,2,2020-04,
598,204380779,3,2020-04,PaddleSeg
599,210873203,3,2020-04,
600,244790548,4,2020-04,
601,127693333,4,2020-04,
602,161509700,4,2020-04,
603,131044128,5,2020-04,
604,251201169,5,2020-04,
605,246509073,5,2020-04,
606,178685945,6,2020-04,
607,191286408,6,2020-04,
608,228290594,7,2020-04,PaddleSlim
609,162672577,7,2020-04,PaddleHub
610,240226378,10,2020-04,
611,173032424,12,2020-04,
612,228297846,12,2020-04,
613,217475193,16,2020-04,PaddleDetection
614,88868842,24,2020-04,models
615,104208128,25,2020-04,
616,136450404,51,2020-04,
617,65711522,109,2020-04,Paddle
618,227880026,1,2020-05,
619,243677660,1,2020-05,
620,110688239,1,2020-05,
621,164796418,2,2020-05,
622,259220361,2,2020-05,
623,250154445,3,2020-05,
624,127693333,3,2020-05,
625,261698998,3,2020-05,
626,203514079,3,2020-05,
627,196743910,3,2020-05,
628,240226378,3,2020-05,
629,161509700,4,2020-05,
630,114885555,4,2020-05,
631,262296122,5,2020-05,PaddleOCR
632,178685945,5,2020-05,
633,162672577,5,2020-05,PaddleHub
634,251201169,5,2020-05,
635,244790548,5,2020-05,
636,131044128,5,2020-05,
637,210873203,7,2020-05,
638,204380779,7,2020-05,PaddleSeg
639,173544440,7,2020-05,
640,259513732,8,2020-05,
641,228297846,8,2020-05,
642,191286408,8,2020-05,
643,228290594,9,2020-05,PaddleSlim
644,246509073,10,2020-05,
645,173032424,12,2020-05,
646,217475193,16,2020-05,PaddleDetection
647,104208128,21,2020-05,
648,88868842,32,2020-05,models
649,136450404,58,2020-05,
650,65711522,96,2020-05,Paddle
651,273214029,1,2020-06,PaddleGAN
652,228297846,1,2020-06,
653,240230342,1,2020-06,
654,103466347,1,2020-06,
655,261698998,1,2020-06,
656,133907444,1,2020-06,
657,127058653,1,2020-06,
658,203736612,1,2020-06,
659,203514079,2,2020-06,
660,210873203,2,2020-06,
661,196743910,2,2020-06,
662,259220361,3,2020-06,
663,110688239,3,2020-06,
664,127693333,3,2020-06,
665,250154445,3,2020-06,
666,161509700,3,2020-06,
667,114885555,3,2020-06,
668,244790548,4,2020-06,
669,173544440,4,2020-06,
670,162672577,5,2020-06,PaddleHub
671,164796418,6,2020-06,
672,131044128,6,2020-06,
673,251201169,6,2020-06,
674,204380779,6,2020-06,PaddleSeg
675,240226378,6,2020-06,
676,191286408,7,2020-06,
677,262296122,8,2020-06,PaddleOCR
678,178685945,9,2020-06,
679,228290594,9,2020-06,PaddleSlim
680,173032424,9,2020-06,
681,246509073,10,2020-06,
682,217475193,12,2020-06,PaddleDetection
683,259513732,12,2020-06,
684,88868842,13,2020-06,models
685,104208128,22,2020-06,
686,136450404,35,2020-06,
687,65711522,82,2020-06,Paddle
688,240230342,1,2020-07,
689,203736612,1,2020-07,
690,227880026,1,2020-07,
691,243677660,1,2020-07,
692,203514079,2,2020-07,
693,259220361,2,2020-07,
694,250154445,2,2020-07,
695,276845708,3,2020-07,
696,273214029,3,2020-07,PaddleGAN
697,210873203,3,2020-07,
698,204380779,4,2020-07,PaddleSeg
699,240226378,4,2020-07,
700,173544440,4,2020-07,
701,131044128,5,2020-07,
702,261698998,5,2020-07,
703,164796418,5,2020-07,
704,161509700,5,2020-07,
705,191286408,6,2020-07,
706,251201169,6,2020-07,
707,114885555,6,2020-07,
708,178685945,8,2020-07,
709,228290594,8,2020-07,PaddleSlim
710,173032424,8,2020-07,
711,259513732,9,2020-07,
712,162672577,10,2020-07,PaddleHub
713,246509073,12,2020-07,
714,217475193,13,2020-07,PaddleDetection
715,262296122,14,2020-07,PaddleOCR
716,88868842,16,2020-07,models
717,104208128,21,2020-07,
718,136450404,26,2020-07,
719,65711522,86,2020-07,Paddle
720,89484677,1,2020-08,
721,250154445,1,2020-08,
722,127693333,1,2020-08,
723,173544440,1,2020-08,
724,203514079,1,2020-08,
725,259220361,2,2020-08,
726,261698998,2,2020-08,
727,196743910,2,2020-08,
728,243677660,2,2020-08,
729,240226378,3,2020-08,
730,164796418,4,2020-08,
731,273214029,4,2020-08,PaddleGAN
732,191286408,5,2020-08,
733,114885555,5,2020-08,
734,204380779,5,2020-08,PaddleSeg
735,178685945,5,2020-08,
736,210873203,6,2020-08,
737,131044128,6,2020-08,
738,161509700,6,2020-08,
739,173032424,6,2020-08,
740,246509073,7,2020-08,
741,251201169,7,2020-08,
742,76616099,7,2020-08,
743,259513732,8,2020-08,
744,228290594,8,2020-08,PaddleSlim
745,88868842,10,2020-08,models
746,217475193,11,2020-08,PaddleDetection
747,162672577,14,2020-08,PaddleHub
748,262296122,16,2020-08,PaddleOCR
749,104208128,22,2020-08,
750,136450404,61,2020-08,
751,65711522,107,2020-08,Paddle
752,240226378,1,2020-09,
753,203514079,1,2020-09,
754,264782838,1,2020-09,
755,250154445,2,2020-09,
756,244790548,2,2020-09,
757,173544440,2,2020-09,
758,289874518,2,2020-09,
759,131044128,3,2020-09,
760,164796418,3,2020-09,
761,240230342,3,2020-09,
762,127058653,3,2020-09,
763,259220361,3,2020-09,
764,246509073,4,2020-09,
765,114885555,5,2020-09,
766,178685945,5,2020-09,
767,191286408,5,2020-09,
768,273214029,5,2020-09,PaddleGAN
769,251201169,6,2020-09,
770,228297846,6,2020-09,
771,162672577,6,2020-09,PaddleHub
772,76616099,6,2020-09,
773,210873203,6,2020-09,
774,228290594,7,2020-09,PaddleSlim
775,259513732,8,2020-09,
776,204380779,10,2020-09,PaddleSeg
777,161509700,13,2020-09,
778,217475193,14,2020-09,PaddleDetection
779,262296122,21,2020-09,PaddleOCR
780,88868842,22,2020-09,models
781,104208128,28,2020-09,
782,173032424,30,2020-09,
783,136450404,58,2020-09,
784,65711522,114,2020-09,Paddle
785,296268741,1,2020-10,
786,240226378,1,2020-10,
787,227347371,1,2020-10,
788,227880026,1,2020-10,
789,173544440,1,2020-10,
790,131044128,1,2020-10,
791,127058653,2,2020-10,
792,210873203,2,2020-10,
793,259220361,2,2020-10,
794,164796418,3,2020-10,
795,246509073,3,2020-10,
796,240230342,3,2020-10,
797,114885555,3,2020-10,
798,233520812,4,2020-10,
799,228297846,4,2020-10,
800,127693333,4,2020-10,
801,251201169,4,2020-10,
802,178685945,4,2020-10,
803,191286408,5,2020-10,
804,228290594,5,2020-10,PaddleSlim
805,259513732,6,2020-10,
806,273214029,6,2020-10,PaddleGAN
807,204380779,7,2020-10,PaddleSeg
808,162672577,8,2020-10,PaddleHub
809,217475193,9,2020-10,PaddleDetection
810,173032424,12,2020-10,
811,161509700,12,2020-10,
812,76616099,13,2020-10,
813,88868842,14,2020-10,models
814,104208128,15,2020-10,
815,262296122,22,2020-10,PaddleOCR
816,136450404,48,2020-10,
817,65711522,102,2020-10,Paddle
818,240226378,1,2020-11,
819,296268741,1,2020-11,
820,259220361,2,2020-11,
821,312259012,2,2020-11,
822,289874518,2,2020-11,
823,173544440,2,2020-11,
824,110688239,2,2020-11,
825,261698998,2,2020-11,
826,276845708,2,2020-11,
827,244790548,2,2020-11,
828,114885555,3,2020-11,
829,131044128,3,2020-11,
830,164796418,3,2020-11,
831,228297846,3,2020-11,
832,210873203,4,2020-11,
833,233520812,4,2020-11,
834,259513732,4,2020-11,
835,127058653,5,2020-11,
836,127693333,5,2020-11,
837,76616099,6,2020-11,
838,191286408,6,2020-11,
839,161509700,6,2020-11,
840,178685945,7,2020-11,
841,228290594,7,2020-11,PaddleSlim
842,246509073,8,2020-11,
843,251201169,8,2020-11,
844,173032424,8,2020-11,
845,273214029,9,2020-11,PaddleGAN
846,204380779,9,2020-11,PaddleSeg
847,162672577,12,2020-11,PaddleHub
848,217475193,13,2020-11,PaddleDetection
849,88868842,19,2020-11,models
850,262296122,23,2020-11,PaddleOCR
851,104208128,24,2020-11,
852,136450404,67,2020-11,
853,65711522,109,2020-11,Paddle
854,296268741,1,2020-12,
855,244790548,1,2020-12,
856,227880026,1,2020-12,
857,173544440,1,2020-12,
858,243677660,2,2020-12,
859,319575342,2,2020-12,
860,259220361,2,2020-12,
861,203514079,2,2020-12,
862,240226378,2,2020-12,
863,127693333,3,2020-12,
864,240230342,3,2020-12,
865,312259012,3,2020-12,
866,321995806,4,2020-12,
867,210873203,4,2020-12,
868,127058653,4,2020-12,
869,233520812,4,2020-12,
870,250154445,4,2020-12,
871,164796418,4,2020-12,
872,191286408,5,2020-12,
873,228290594,6,2020-12,PaddleSlim
874,161509700,6,2020-12,
875,76616099,7,2020-12,
876,131044128,7,2020-12,
877,246509073,8,2020-12,
878,259513732,8,2020-12,
879,261698998,8,2020-12,
880,314704349,8,2020-12,
881,173032424,8,2020-12,
882,178685945,9,2020-12,
883,114885555,9,2020-12,
884,251201169,11,2020-12,
885,204380779,11,2020-12,PaddleSeg
886,162672577,13,2020-12,PaddleHub
887,273214029,13,2020-12,PaddleGAN
888,217475193,16,2020-12,PaddleDetection
889,262296122,20,2020-12,PaddleOCR
890,104208128,25,2020-12,
891,88868842,27,2020-12,models
892,136450404,36,2020-12,
893,65711522,106,2020-12,Paddle
894,103466347,1,2021-01,
895,173544440,1,2021-01,
896,76616099,2,2021-01,
897,289874518,2,2021-01,
898,244790548,2,2021-01,
899,127693333,2,2021-01,
900,243677660,2,2021-01,
901,127058653,2,2021-01,
902,259220361,2,2021-01,
903,314704349,3,2021-01,
904,240226378,3,2021-01,
905,261698998,3,2021-01,
906,233520812,4,2021-01,
907,164796418,4,2021-01,
908,191286408,4,2021-01,
909,131044128,4,2021-01,
910,273214029,4,2021-01,PaddleGAN
911,250154445,4,2021-01,
912,178685945,5,2021-01,
913,259513732,5,2021-01,
914,114885555,6,2021-01,
915,321995806,6,2021-01,
916,246509073,6,2021-01,
917,228290594,8,2021-01,PaddleSlim
918,162672577,9,2021-01,PaddleHub
919,312259012,9,2021-01,
920,217475193,10,2021-01,PaddleDetection
921,204380779,10,2021-01,PaddleSeg
922,251201169,10,2021-01,
923,161509700,11,2021-01,
924,173032424,14,2021-01,
925,262296122,23,2021-01,PaddleOCR
926,104208128,24,2021-01,
927,88868842,24,2021-01,models
928,136450404,36,2021-01,
929,65711522,108,2021-01,Paddle
930,314704349,1,2021-02,
931,289874518,1,2021-02,
932,244790548,1,2021-02,
933,259220361,1,2021-02,
934,276845708,1,2021-02,
935,333611338,2,2021-02,
936,110688239,2,2021-02,
937,131044128,2,2021-02,
938,164796418,2,2021-02,
939,243677660,2,2021-02,
940,76616099,3,2021-02,
941,127058653,4,2021-02,
942,240230342,4,2021-02,
943,173544440,4,2021-02,
944,114885555,4,2021-02,
945,321995806,4,2021-02,
946,250154445,5,2021-02,
947,191286408,5,2021-02,
948,227347371,5,2021-02,
949,233520812,5,2021-02,
950,246509073,5,2021-02,
951,312259012,5,2021-02,
952,204380779,5,2021-02,PaddleSeg
953,178685945,6,2021-02,
954,273214029,7,2021-02,PaddleGAN
955,228290594,7,2021-02,PaddleSlim
956,261698998,7,2021-02,
957,240226378,7,2021-02,
958,259513732,7,2021-02,
959,162672577,9,2021-02,PaddleHub
960,251201169,10,2021-02,
961,217475193,10,2021-02,PaddleDetection
962,161509700,10,2021-02,
963,173032424,14,2021-02,
964,262296122,16,2021-02,PaddleOCR
965,336274588,16,2021-02,PaddleNLP
966,88868842,17,2021-02,models
967,104208128,22,2021-02,
968,136450404,32,2021-02,
969,65711522,101,2021-02,Paddle
970,173544440,1,2021-03,
971,210520127,1,2021-03,
972,289874518,1,2021-03,
973,240230342,1,2021-03,
974,276845708,1,2021-03,
975,314704349,1,2021-03,
976,103466347,1,2021-03,
977,333611338,2,2021-03,
978,321995806,2,2021-03,
979,259220361,2,2021-03,
980,243677660,2,2021-03,
981,110688239,2,2021-03,
982,244790548,2,2021-03,
983,164796418,2,2021-03,
984,196743910,3,2021-03,
985,127058653,3,2021-03,
986,227347371,3,2021-03,
987,88868842,4,2021-03,models
988,312259012,4,2021-03,
989,233520812,4,2021-03,
990,114885555,4,2021-03,
991,246509073,4,2021-03,
992,240226378,4,2021-03,
993,261698998,5,2021-03,
994,131044128,6,2021-03,
995,76616099,6,2021-03,
996,178685945,6,2021-03,
997,191286408,6,2021-03,
998,250154445,7,2021-03,
999,161509700,8,2021-03,
1000,204380779,9,2021-03,PaddleSeg
1001,162672577,10,2021-03,PaddleHub
1002,251201169,10,2021-03,
1003,273214029,10,2021-03,PaddleGAN
1004,228290594,10,2021-03,PaddleSlim
1005,259513732,10,2021-03,
1006,173032424,11,2021-03,
1007,217475193,16,2021-03,PaddleDetection
1008,336274588,17,2021-03,PaddleNLP
1009,262296122,17,2021-03,PaddleOCR
1010,104208128,25,2021-03,
1011,136450404,39,2021-03,
1012,65711522,114,2021-03,Paddle
1013,243677660,1,2021-04,
1014,240230342,1,2021-04,
1015,240226378,1,2021-04,
1016,227880026,1,2021-04,
1017,127693333,1,2021-04,
1018,259220361,1,2021-04,
1019,173544440,1,2021-04,
1020,110688239,2,2021-04,
1021,244790548,2,2021-04,
1022,210873203,3,2021-04,
1023,276845708,3,2021-04,
1024,127058653,3,2021-04,
1025,196743910,3,2021-04,
1026,76616099,4,2021-04,
1027,203514079,4,2021-04,
1028,131044128,4,2021-04,
1029,261698998,4,2021-04,
1030,191286408,4,2021-04,
1031,312259012,4,2021-04,
1032,246509073,5,2021-04,
1033,164796418,5,2021-04,
1034,114885555,5,2021-04,
1035,233520812,5,2021-04,
1036,228290594,6,2021-04,PaddleSlim
1037,88868842,6,2021-04,models
1038,250154445,6,2021-04,
1039,162672577,7,2021-04,PaddleHub
1040,161509700,7,2021-04,
1041,173032424,8,2021-04,
1042,178685945,8,2021-04,
1043,204380779,9,2021-04,PaddleSeg
1044,251201169,10,2021-04,
1045,259513732,10,2021-04,
1046,217475193,15,2021-04,PaddleDetection
1047,336274588,21,2021-04,PaddleNLP
1048,262296122,24,2021-04,PaddleOCR
1049,273214029,24,2021-04,PaddleGAN
1050,104208128,28,2021-04,
1051,136450404,33,2021-04,
1052,65711522,125,2021-04,Paddle
1053,227880026,1,2021-05,
1054,228297846,1,2021-05,
1055,127058653,1,2021-05,
1056,196743910,1,2021-05,
1057,365999954,1,2021-05,
1058,244790548,2,2021-05,
1059,210873203,2,2021-05,
1060,203514079,2,2021-05,
1061,243677660,2,2021-05,
1062,312259012,2,2021-05,
1063,259220361,2,2021-05,
1064,110688239,3,2021-05,
1065,127693333,3,2021-05,
1066,191286408,4,2021-05,
1067,164796418,4,2021-05,
1068,233520812,4,2021-05,
1069,88868842,5,2021-05,models
1070,261698998,5,2021-05,
1071,161509700,5,2021-05,
1072,321995806,5,2021-05,
1073,246509073,5,2021-05,
1074,250154445,6,2021-05,
1075,114885555,6,2021-05,
1076,131044128,6,2021-05,
1077,162672577,6,2021-05,PaddleHub
1078,76616099,7,2021-05,
1079,178685945,7,2021-05,
1080,240226378,7,2021-05,
1081,273214029,7,2021-05,PaddleGAN
1082,227347371,7,2021-05,
1083,173544440,8,2021-05,
1084,173032424,8,2021-05,
1085,314704349,9,2021-05,
1086,259513732,10,2021-05,
1087,228290594,10,2021-05,PaddleSlim
1088,204380779,10,2021-05,PaddleSeg
1089,251201169,14,2021-05,
1090,262296122,15,2021-05,PaddleOCR
1091,136450404,20,2021-05,
1092,104208128,22,2021-05,
1093,217475193,22,2021-05,PaddleDetection
1094,336274588,24,2021-05,PaddleNLP
1095,65711522,105,2021-05,Paddle
1096,103466347,1,2021-06,
1097,259220361,1,2021-06,
1098,210873203,2,2021-06,
1099,244790548,2,2021-06,
1100,76616099,2,2021-06,
1101,127058653,2,2021-06,
1102,233520812,2,2021-06,
1103,312259012,2,2021-06,
1104,365999954,3,2021-06,
1105,88868842,3,2021-06,models
1106,114885555,3,2021-06,
1107,173544440,3,2021-06,
1108,321995806,3,2021-06,
1109,227880026,3,2021-06,
1110,243677660,3,2021-06,
1111,203514079,3,2021-06,
1112,333611338,3,2021-06,
1113,164796418,4,2021-06,
1114,127693333,4,2021-06,
1115,261698998,5,2021-06,
1116,178685945,5,2021-06,
1117,259513732,5,2021-06,
1118,240230342,5,2021-06,
1119,110688239,5,2021-06,
1120,314704349,5,2021-06,
1121,131044128,5,2021-06,
1122,161509700,6,2021-06,
1123,228290594,6,2021-06,PaddleSlim
1124,250154445,6,2021-06,
1125,173032424,7,2021-06,
1126,191286408,7,2021-06,
1127,240226378,7,2021-06,
1128,273214029,8,2021-06,PaddleGAN
1129,246509073,8,2021-06,
1130,204380779,9,2021-06,PaddleSeg
1131,227347371,10,2021-06,
1132,162672577,11,2021-06,PaddleHub
1133,251201169,13,2021-06,
1134,217475193,16,2021-06,PaddleDetection
1135,262296122,17,2021-06,PaddleOCR
1136,104208128,24,2021-06,
1137,336274588,27,2021-06,PaddleNLP
1138,136450404,38,2021-06,
1139,65711522,121,2021-06,Paddle
1140,365999954,1,2021-07,
1141,276845708,1,2021-07,
1142,76616099,1,2021-07,
1143,244790548,2,2021-07,
1144,274012656,2,2021-07,
1145,127058653,3,2021-07,
1146,243677660,3,2021-07,
1147,259220361,3,2021-07,
1148,233520812,3,2021-07,
1149,314704349,4,2021-07,
1150,131044128,4,2021-07,
1151,240230342,4,2021-07,
1152,88868842,4,2021-07,models
1153,333611338,4,2021-07,
1154,261698998,4,2021-07,
1155,228290594,5,2021-07,PaddleSlim
1156,110688239,5,2021-07,
1157,164796418,5,2021-07,
1158,162672577,6,2021-07,PaddleHub
1159,273214029,6,2021-07,PaddleGAN
1160,127693333,6,2021-07,
1161,312259012,6,2021-07,
1162,250154445,7,2021-07,
1163,178685945,7,2021-07,
1164,173032424,8,2021-07,
1165,246509073,8,2021-07,
1166,191286408,8,2021-07,
1167,383138186,9,2021-07,
1168,210873203,9,2021-07,
1169,251201169,10,2021-07,
1170,161509700,11,2021-07,
1171,259513732,13,2021-07,
1172,204380779,17,2021-07,PaddleSeg
1173,262296122,19,2021-07,PaddleOCR
1174,336274588,20,2021-07,PaddleNLP
1175,217475193,25,2021-07,PaddleDetection
1176,104208128,28,2021-07,
1177,136450404,30,2021-07,
1178,65711522,129,2021-07,Paddle
1179,227347371,130,2021-07,
1180,276845708,1,2021-08,
1181,196743910,1,2021-08,
1182,319575342,1,2021-08,
1183,203514079,2,2021-08,
1184,88868842,2,2021-08,models
1185,240226378,2,2021-08,
1186,314704349,2,2021-08,
1187,244790548,2,2021-08,
1188,333611338,3,2021-08,
1189,127058653,3,2021-08,
1190,114885555,3,2021-08,
1191,240230342,3,2021-08,
1192,259220361,3,2021-08,
1193,312259012,3,2021-08,
1194,250154445,3,2021-08,
1195,243677660,4,2021-08,
1196,164796418,4,2021-08,
1197,261698998,4,2021-08,
1198,210873203,4,2021-08,
1199,365999954,4,2021-08,
1200,127693333,4,2021-08,
1201,110688239,5,2021-08,
1202,161509700,5,2021-08,
1203,131044128,5,2021-08,
1204,191286408,5,2021-08,
1205,173032424,5,2021-08,
1206,273214029,5,2021-08,PaddleGAN
1207,233520812,5,2021-08,
1208,178685945,6,2021-08,
1209,228290594,8,2021-08,PaddleSlim
1210,246509073,9,2021-08,
1211,162672577,9,2021-08,PaddleHub
1212,251201169,9,2021-08,
1213,204380779,11,2021-08,PaddleSeg
1214,259513732,11,2021-08,
1215,383138186,17,2021-08,
1216,136450404,21,2021-08,
1217,217475193,21,2021-08,PaddleDetection
1218,262296122,21,2021-08,PaddleOCR
1219,336274588,22,2021-08,PaddleNLP
1220,104208128,28,2021-08,
1221,227347371,60,2021-08,
1222,65711522,149,2021-08,Paddle
1223,319575342,1,2021-09,
1224,103466347,1,2021-09,
1225,191286408,1,2021-09,
1226,76616099,1,2021-09,
1227,131044128,2,2021-09,
1228,314704349,2,2021-09,
1229,240230342,2,2021-09,
1230,114885555,2,2021-09,
1231,127693333,2,2021-09,
1232,240226378,2,2021-09,
1233,264782838,2,2021-09,
1234,259220361,2,2021-09,
1235,244790548,2,2021-09,
1236,227880026,2,2021-09,
1237,210873203,2,2021-09,
1238,161509700,3,2021-09,
1239,196743910,3,2021-09,
1240,88868842,3,2021-09,models
1241,365999954,3,2021-09,
1242,333611338,3,2021-09,
1243,312259012,4,2021-09,
1244,243677660,4,2021-09,
1245,110688239,4,2021-09,
1246,250154445,5,2021-09,
1247,246509073,5,2021-09,
1248,261698998,5,2021-09,
1249,273214029,5,2021-09,PaddleGAN
1250,228290594,6,2021-09,PaddleSlim
1251,127058653,6,2021-09,
1252,178685945,6,2021-09,
1253,164796418,7,2021-09,
1254,162672577,7,2021-09,PaddleHub
1255,259513732,9,2021-09,
1256,251201169,10,2021-09,
1257,233520812,11,2021-09,
1258,204380779,11,2021-09,PaddleSeg
1259,173032424,13,2021-09,
1260,217475193,15,2021-09,PaddleDetection
1261,262296122,16,2021-09,PaddleOCR
1262,383138186,17,2021-09,
1263,227347371,18,2021-09,
1264,336274588,24,2021-09,PaddleNLP
1265,104208128,38,2021-09,
1266,136450404,52,2021-09,
1267,65711522,171,2021-09,Paddle
1268,110688239,1,2021-10,
1269,240230342,1,2021-10,
1270,276845708,1,2021-10,
1271,227347371,1,2021-10,
1272,136450404,1,2021-10,
1273,246509073,1,2021-10,
1274,104208128,1,2021-10,
1275,204380779,1,2021-10,PaddleSeg
1276,365999954,1,2021-10,
1277,264782838,1,2021-10,
1278,312259012,1,2021-10,
1279,162672577,1,2021-10,PaddleHub
1280,164796418,1,2021-10,
1281,227880026,2,2021-10,
1282,127058653,2,2021-10,
1283,250154445,2,2021-10,
1284,259513732,2,2021-10,
1285,261698998,2,2021-10,
1286,262296122,3,2021-10,PaddleOCR
1287,336274588,3,2021-10,PaddleNLP
1288,217475193,3,2021-10,PaddleDetection
1289,251201169,4,2021-10,
1290,173032424,6,2021-10,
1291,233520812,9,2021-10,
1292,65711522,11,2021-10,Paddle
1293,383138186,14,2021-10,
1294,319575342,1,2021-11,
1295,127693333,1,2021-11,
1296,276845708,1,2021-11,
1297,240230342,1,2021-11,
1298,259220361,1,2021-11,
1299,173544440,2,2021-11,
1300,403829741,2,2021-11,
1301,314704349,2,2021-11,
1302,227880026,2,2021-11,
1303,240226378,2,2021-11,
1304,264782838,3,2021-11,
1305,250154445,3,2021-11,
1306,203514079,3,2021-11,
1307,244790548,3,2021-11,
1308,127058653,4,2021-11,
1309,164796418,4,2021-11,
1310,131044128,5,2021-11,
1311,210873203,5,2021-11,
1312,114885555,5,2021-11,
1313,312259012,5,2021-11,
1314,246509073,5,2021-11,
1315,333611338,5,2021-11,
1316,161509700,6,2021-11,
1317,191286408,6,2021-11,
1318,427252454,6,2021-11,
1319,162672577,7,2021-11,PaddleHub
1320,178685945,7,2021-11,
1321,228290594,8,2021-11,PaddleSlim
1322,261698998,10,2021-11,
1323,273214029,10,2021-11,PaddleGAN
1324,259513732,11,2021-11,
1325,88868842,11,2021-11,models
1326,110688239,11,2021-11,
1327,227347371,12,2021-11,
1328,233520812,12,2021-11,
1329,173032424,13,2021-11,
1330,251201169,13,2021-11,
1331,204380779,18,2021-11,PaddleSeg
1332,383138186,18,2021-11,
1333,262296122,22,2021-11,PaddleOCR
1334,336274588,22,2021-11,PaddleNLP
1335,217475193,27,2021-11,PaddleDetection
1336,104208128,32,2021-11,
1337,136450404,42,2021-11,
1338,65711522,151,2021-11,Paddle
1339,114885555,1,2021-12,
1340,103466347,1,2021-12,
1341,436903861,1,2021-12,
1342,365999954,1,2021-12,
1343,264782838,2,2021-12,
1344,127693333,2,2021-12,
1345,240226378,2,2021-12,
1346,314704349,2,2021-12,
1347,259220361,2,2021-12,
1348,274012656,2,2021-12,
1349,173544440,2,2021-12,
1350,276845708,2,2021-12,
1351,161509700,3,2021-12,
1352,164796418,3,2021-12,
1353,321995806,3,2021-12,
1354,333611338,3,2021-12,
1355,203514079,3,2021-12,
1356,131044128,4,2021-12,
1357,403829741,4,2021-12,
1358,210873203,4,2021-12,
1359,250154445,4,2021-12,
1360,426046572,4,2021-12,
1361,244790548,4,2021-12,
1362,127058653,5,2021-12,
1363,227347371,5,2021-12,
1364,427252454,6,2021-12,
1365,191286408,6,2021-12,
1366,246509073,7,2021-12,
1367,261698998,7,2021-12,
1368,178685945,7,2021-12,
1369,228290594,8,2021-12,PaddleSlim
1370,162672577,8,2021-12,PaddleHub
1371,273214029,8,2021-12,PaddleGAN
1372,233520812,9,2021-12,
1373,251201169,10,2021-12,
1374,173032424,10,2021-12,
1375,259513732,10,2021-12,
1376,383138186,14,2021-12,
1377,110688239,14,2021-12,
1378,88868842,14,2021-12,models
1379,204380779,16,2021-12,PaddleSeg
1380,312259012,17,2021-12,
1381,217475193,19,2021-12,PaddleDetection
1382,336274588,27,2021-12,PaddleNLP
1383,262296122,29,2021-12,PaddleOCR
1384,136450404,34,2021-12,
1385,104208128,35,2021-12,
1386,65711522,158,2021-12,Paddle
1387,403829741,1,2022-01,
1388,243677660,1,2022-01,
1389,240230342,1,2022-01,
1390,365999954,1,2022-01,
1391,210873203,1,2022-01,
1392,233520812,1,2022-01,
1393,103466347,1,2022-01,
1394,426046572,2,2022-01,
1395,246509073,2,2022-01,
1396,436903861,2,2022-01,
1397,227880026,2,2022-01,
1398,259220361,2,2022-01,
1399,203514079,2,2022-01,
1400,240226378,2,2022-01,
1401,114885555,2,2022-01,
1402,321995806,3,2022-01,
1403,164796418,3,2022-01,
1404,261698998,3,2022-01,
1405,162672577,3,2022-01,PaddleHub
1406,161509700,4,2022-01,
1407,250154445,4,2022-01,
1408,244790548,4,2022-01,
1409,333611338,5,2022-01,
1410,127058653,5,2022-01,
1411,314704349,5,2022-01,
1412,427252454,5,2022-01,
1413,273214029,5,2022-01,PaddleGAN
1414,178685945,6,2022-01,
1415,131044128,6,2022-01,
1416,228290594,6,2022-01,PaddleSlim
1417,259513732,7,2022-01,
1418,88868842,7,2022-01,models
1419,312259012,10,2022-01,
1420,251201169,10,2022-01,
1421,227347371,14,2022-01,
1422,383138186,15,2022-01,
1423,204380779,15,2022-01,PaddleSeg
1424,110688239,16,2022-01,
1425,173032424,19,2022-01,
1426,217475193,20,2022-01,PaddleDetection
1427,336274588,25,2022-01,PaddleNLP
1428,136450404,26,2022-01,
1429,262296122,34,2022-01,PaddleOCR
1430,104208128,34,2022-01,
1431,65711522,150,2022-01,Paddle
1432,89484677,1,2022-02,
1433,423716718,1,2022-02,
1434,114885555,1,2022-02,
1435,203514079,1,2022-02,
1436,321995806,1,2022-02,
1437,133907444,1,2022-02,
1438,164796418,1,2022-02,
1439,103466347,1,2022-02,
1440,131044128,2,2022-02,
1441,296268741,2,2022-02,
1442,210873203,2,2022-02,
1443,240226378,2,2022-02,
1444,227880026,2,2022-02,
1445,244790548,3,2022-02,
1446,365999954,3,2022-02,
1447,273214029,3,2022-02,PaddleGAN
1448,314704349,3,2022-02,
1449,161509700,3,2022-02,
1450,427252454,3,2022-02,
1451,426046572,3,2022-02,
1452,276845708,3,2022-02,
1453,261698998,4,2022-02,
1454,333611338,4,2022-02,
1455,228290594,5,2022-02,PaddleSlim
1456,162672577,5,2022-02,PaddleHub
1457,127058653,5,2022-02,
1458,259513732,5,2022-02,
1459,312259012,6,2022-02,
1460,250154445,6,2022-02,
1461,178685945,6,2022-02,
1462,233520812,7,2022-02,
1463,88868842,8,2022-02,models
1464,251201169,9,2022-02,
1465,110688239,10,2022-02,
1466,383138186,12,2022-02,
1467,204380779,13,2022-02,PaddleSeg
1468,217475193,14,2022-02,PaddleDetection
1469,227347371,17,2022-02,
1470,136450404,18,2022-02,
1471,173032424,18,2022-02,
1472,336274588,22,2022-02,PaddleNLP
1473,104208128,24,2022-02,
1474,262296122,25,2022-02,PaddleOCR
1475,65711522,130,2022-02,Paddle
1476,173544440,1,2022-03,
1477,259220361,1,2022-03,
1478,385199026,1,2022-03,
1479,103466347,1,2022-03,
1480,240230342,1,2022-03,
1481,321995806,1,2022-03,
1482,196743910,1,2022-03,
1483,475341715,2,2022-03,
1484,403829741,2,2022-03,
1485,274012656,2,2022-03,
1486,365999954,2,2022-03,
1487,333611338,2,2022-03,
1488,161509700,2,2022-03,
1489,164796418,2,2022-03,
1490,227880026,2,2022-03,
1491,89484677,2,2022-03,
1492,131044128,3,2022-03,
1493,276845708,3,2022-03,
1494,244790548,3,2022-03,
1495,314704349,3,2022-03,
1496,114885555,3,2022-03,
1497,210873203,3,2022-03,
1498,246509073,4,2022-03,
1499,427252454,4,2022-03,
1500,273214029,4,2022-03,PaddleGAN
1501,426046572,4,2022-03,
1502,250154445,5,2022-03,
1503,261698998,5,2022-03,
1504,191286408,5,2022-03,
1505,259513732,5,2022-03,
1506,312259012,5,2022-03,
1507,127058653,6,2022-03,
1508,203514079,6,2022-03,
1509,178685945,6,2022-03,
1510,162672577,7,2022-03,PaddleHub
1511,233520812,7,2022-03,
1512,240226378,7,2022-03,
1513,228290594,7,2022-03,PaddleSlim
1514,436903861,9,2022-03,
1515,227347371,9,2022-03,
1516,88868842,10,2022-03,models
1517,204380779,12,2022-03,PaddleSeg
1518,110688239,13,2022-03,
1519,251201169,15,2022-03,
1520,383138186,18,2022-03,
1521,262296122,21,2022-03,PaddleOCR
1522,217475193,22,2022-03,PaddleDetection
1523,104208128,28,2022-03,
1524,336274588,30,2022-03,PaddleNLP
1525,173032424,38,2022-03,
1526,296268741,41,2022-03,
1527,136450404,46,2022-03,
1528,65711522,175,2022-03,Paddle
1529,246509073,1,2022-04,
1530,133907444,1,2022-04,
1531,469388758,1,2022-04,
1532,259220361,1,2022-04,
1533,240230342,1,2022-04,
1534,196743910,2,2022-04,
1535,89484677,2,2022-04,
1536,276845708,2,2022-04,
1537,250154445,2,2022-04,
1538,227347371,2,2022-04,
1539,164796418,3,2022-04,
1540,475341715,3,2022-04,
1541,178685945,3,2022-04,
1542,114885555,3,2022-04,
1543,385199026,3,2022-04,
1544,426046572,4,2022-04,
1545,244790548,4,2022-04,
1546,131044128,4,2022-04,
1547,162672577,4,2022-04,PaddleHub
1548,314704349,4,2022-04,
1549,427252454,4,2022-04,
1550,259513732,5,2022-04,
1551,312259012,5,2022-04,
1552,273214029,5,2022-04,PaddleGAN
1553,127058653,6,2022-04,
1554,261698998,6,2022-04,
1555,191286408,8,2022-04,
1556,203514079,8,2022-04,
1557,88868842,8,2022-04,models
1558,173032424,8,2022-04,
1559,233520812,9,2022-04,
1560,436903861,9,2022-04,
1561,228290594,10,2022-04,PaddleSlim
1562,204380779,12,2022-04,PaddleSeg
1563,251201169,12,2022-04,
1564,110688239,16,2022-04,
1565,262296122,17,2022-04,PaddleOCR
1566,383138186,17,2022-04,
1567,296268741,18,2022-04,
1568,336274588,20,2022-04,PaddleNLP
1569,217475193,22,2022-04,PaddleDetection
1570,104208128,28,2022-04,
1571,136450404,49,2022-04,
1572,65711522,166,2022-04,Paddle
1573,240230342,1,2022-05,
1574,365999954,1,2022-05,
1575,259220361,1,2022-05,
1576,276845708,1,2022-05,
1577,227347371,1,2022-05,
1578,250154445,2,2022-05,
1579,423716718,2,2022-05,
1580,114885555,2,2022-05,
1581,403829741,2,2022-05,
1582,162672577,2,2022-05,PaddleHub
1583,385199026,2,2022-05,
1584,469388758,2,2022-05,
1585,164796418,2,2022-05,
1586,475341715,3,2022-05,
1587,246509073,3,2022-05,
1588,161509700,3,2022-05,
1589,89484677,3,2022-05,
1590,240226378,4,2022-05,
1591,333611338,4,2022-05,
1592,273214029,4,2022-05,PaddleGAN
1593,178685945,4,2022-05,
1594,127058653,4,2022-05,
1595,427252454,4,2022-05,
1596,244790548,4,2022-05,
1597,191286408,5,2022-05,
1598,312259012,5,2022-05,
1599,173032424,5,2022-05,
1600,173544440,5,2022-05,
1601,131044128,5,2022-05,
1602,203514079,6,2022-05,
1603,426046572,7,2022-05,
1604,88868842,8,2022-05,models
1605,314704349,8,2022-05,
1606,436903861,9,2022-05,
1607,259513732,9,2022-05,
1608,233520812,9,2022-05,
1609,228290594,11,2022-05,PaddleSlim
1610,204380779,12,2022-05,PaddleSeg
1611,383138186,14,2022-05,
1612,110688239,15,2022-05,
1613,251201169,16,2022-05,
1614,261698998,17,2022-05,
1615,217475193,20,2022-05,PaddleDetection
1616,104208128,20,2022-05,
1617,296268741,20,2022-05,
1618,262296122,24,2022-05,PaddleOCR
1619,336274588,35,2022-05,PaddleNLP
1620,136450404,42,2022-05,
1621,65711522,158,2022-05,Paddle
1622,240226378,1,2022-06,
1623,240230342,1,2022-06,
1624,178685945,1,2022-06,
1625,264782838,1,2022-06,
1626,89484677,2,2022-06,
1627,162672577,2,2022-06,PaddleHub
1628,250154445,2,2022-06,
1629,246509073,2,2022-06,
1630,196743910,2,2022-06,
1631,276845708,2,2022-06,
1632,164796418,2,2022-06,
1633,203514079,2,2022-06,
1634,314704349,2,2022-06,
1635,259220361,2,2022-06,
1636,385199026,2,2022-06,
1637,173544440,2,2022-06,
1638,274012656,2,2022-06,
1639,88868842,2,2022-06,models
1640,507861208,3,2022-06,FastDeploy
1641,469388758,3,2022-06,
1642,427252454,3,2022-06,
1643,227347371,3,2022-06,
1644,244790548,3,2022-06,
1645,475341715,3,2022-06,
1646,321995806,3,2022-06,
1647,423716718,3,2022-06,
1648,333611338,3,2022-06,
1649,191286408,3,2022-06,
1650,173032424,3,2022-06,
1651,273214029,4,2022-06,PaddleGAN
1652,131044128,4,2022-06,
1653,114885555,4,2022-06,
1654,127058653,5,2022-06,
1655,161509700,5,2022-06,
1656,312259012,7,2022-06,
1657,426046572,7,2022-06,
1658,259513732,7,2022-06,
1659,233520812,7,2022-06,
1660,228290594,8,2022-06,PaddleSlim
1661,204380779,10,2022-06,PaddleSeg
1662,436903861,10,2022-06,
1663,251201169,11,2022-06,
1664,261698998,13,2022-06,
1665,296268741,14,2022-06,
1666,110688239,14,2022-06,
1667,383138186,16,2022-06,
1668,104208128,22,2022-06,
1669,217475193,22,2022-06,PaddleDetection
1670,262296122,30,2022-06,PaddleOCR
1671,136450404,33,2022-06,
1672,336274588,37,2022-06,PaddleNLP
1673,65711522,155,2022-06,Paddle
1674,227880026,1,2022-07,
1675,89484677,1,2022-07,
1676,333611338,1,2022-07,
1677,469388758,1,2022-07,
1678,276845708,1,2022-07,
1679,259220361,1,2022-07,
1680,103466347,1,2022-07,
1681,196743910,1,2022-07,
1682,244790548,1,2022-07,
1683,515526146,1,2022-07,
1684,423716718,1,2022-07,
1685,246509073,2,2022-07,
1686,227347371,2,2022-07,
1687,250154445,2,2022-07,
1688,427252454,2,2022-07,
1689,385199026,2,2022-07,
1690,475341715,2,2022-07,
1691,513813137,3,2022-07,
1692,274012656,3,2022-07,
1693,314704349,3,2022-07,
1694,259513732,3,2022-07,
1695,191286408,4,2022-07,
1696,164796418,4,2022-07,
1697,114885555,4,2022-07,
1698,131044128,4,2022-07,
1699,273214029,4,2022-07,PaddleGAN
1700,312259012,4,2022-07,
1701,127058653,5,2022-07,
1702,173032424,5,2022-07,
1703,162672577,6,2022-07,PaddleHub
1704,161509700,8,2022-07,
1705,507861208,8,2022-07,FastDeploy
1706,426046572,8,2022-07,
1707,233520812,9,2022-07,
1708,251201169,10,2022-07,
1709,228290594,12,2022-07,PaddleSlim
1710,436903861,12,2022-07,
1711,204380779,12,2022-07,PaddleSeg
1712,261698998,13,2022-07,
1713,493152580,14,2022-07,
1714,383138186,16,2022-07,
1715,110688239,16,2022-07,
1716,104208128,21,2022-07,
1717,262296122,23,2022-07,PaddleOCR
1718,217475193,27,2022-07,PaddleDetection
1719,296268741,28,2022-07,
1720,336274588,30,2022-07,PaddleNLP
1721,136450404,33,2022-07,
1722,65711522,170,2022-07,Paddle
1723,227880026,1,2022-08,
1724,244790548,1,2022-08,
1725,76616099,1,2022-08,
1726,246509073,1,2022-08,
1727,250154445,1,2022-08,
1728,178685945,1,2022-08,
1729,274012656,2,2022-08,
1730,173544440,2,2022-08,
1731,427252454,2,2022-08,
1732,469388758,3,2022-08,
1733,314704349,3,2022-08,
1734,203514079,3,2022-08,
1735,164796418,3,2022-08,
1736,515526146,4,2022-08,
1737,191286408,4,2022-08,
1738,131044128,4,2022-08,
1739,114885555,4,2022-08,
1740,273214029,5,2022-08,PaddleGAN
1741,162672577,5,2022-08,PaddleHub
1742,426046572,6,2022-08,
1743,127058653,6,2022-08,
1744,475341715,6,2022-08,
1745,259513732,7,2022-08,
1746,513813137,7,2022-08,
1747,312259012,7,2022-08,
1748,251201169,8,2022-08,
1749,261698998,8,2022-08,
1750,493152580,8,2022-08,
1751,228290594,8,2022-08,PaddleSlim
1752,173032424,9,2022-08,
1753,507861208,9,2022-08,FastDeploy
1754,436903861,10,2022-08,
1755,233520812,13,2022-08,
1756,161509700,13,2022-08,
1757,204380779,17,2022-08,PaddleSeg
1758,383138186,17,2022-08,
1759,110688239,18,2022-08,
1760,104208128,21,2022-08,
1761,296268741,22,2022-08,
1762,262296122,27,2022-08,PaddleOCR
1763,217475193,29,2022-08,PaddleDetection
1764,336274588,30,2022-08,PaddleNLP
1765,136450404,54,2022-08,
1766,65711522,166,2022-08,Paddle
1767,513505410,1,2022-09,
1768,240226378,1,2022-09,
1769,178685945,1,2022-09,
1770,246509073,1,2022-09,
1771,196743910,1,2022-09,
1772,103466347,1,2022-09,
1773,227880026,1,2022-09,
1774,131044128,1,2022-09,
1775,133907444,1,2022-09,
1776,520095016,1,2022-09,
1777,365999954,2,2022-09,
1778,164796418,2,2022-09,
1779,203514079,2,2022-09,
1780,127058653,2,2022-09,
1781,88868842,2,2022-09,models
1782,314704349,2,2022-09,
1783,114885555,3,2022-09,
1784,244790548,3,2022-09,
1785,427252454,3,2022-09,
1786,469388758,4,2022-09,
1787,250154445,5,2022-09,
1788,515526146,5,2022-09,
1789,426046572,5,2022-09,
1790,191286408,6,2022-09,
1791,273214029,6,2022-09,PaddleGAN
1792,261698998,6,2022-09,
1793,513813137,7,2022-09,
1794,493152580,8,2022-09,
1795,259513732,9,2022-09,
1796,312259012,9,2022-09,
1797,228290594,10,2022-09,PaddleSlim
1798,173032424,10,2022-09,
1799,162672577,10,2022-09,PaddleHub
1800,475341715,11,2022-09,
1801,436903861,12,2022-09,
1802,110688239,13,2022-09,
1803,251201169,14,2022-09,
1804,233520812,14,2022-09,
1805,507861208,15,2022-09,FastDeploy
1806,204380779,15,2022-09,PaddleSeg
1807,383138186,16,2022-09,
1808,217475193,20,2022-09,PaddleDetection
1809,161509700,20,2022-09,
1810,262296122,21,2022-09,PaddleOCR
1811,104208128,25,2022-09,
1812,336274588,30,2022-09,PaddleNLP
1813,296268741,31,2022-09,
1814,136450404,42,2022-09,
1815,65711522,160,2022-09,Paddle
1816,114885555,1,2022-10,
1817,227347371,1,2022-10,
1818,469388758,1,2022-10,
1819,228297846,1,2022-10,
1820,178685945,1,2022-10,
1821,333611338,1,2022-10,
1822,403829741,1,2022-10,
1823,210873203,1,2022-10,
1824,191286408,1,2022-10,
1825,365999954,1,2022-10,
1826,227880026,1,2022-10,
1827,427252454,2,2022-10,
1828,240226378,2,2022-10,
1829,164796418,2,2022-10,
1830,426046572,2,2022-10,
1831,513505410,2,2022-10,
1832,127058653,2,2022-10,
1833,244790548,2,2022-10,
1834,246509073,2,2022-10,
1835,276845708,2,2022-10,
1836,131044128,3,2022-10,
1837,312259012,3,2022-10,
1838,259513732,4,2022-10,
1839,314704349,4,2022-10,
1840,513813137,4,2022-10,
1841,88868842,4,2022-10,models
1842,162672577,5,2022-10,PaddleHub
1843,515526146,5,2022-10,
1844,273214029,6,2022-10,PaddleGAN
1845,173032424,7,2022-10,
1846,261698998,7,2022-10,
1847,228290594,8,2022-10,PaddleSlim
1848,475341715,8,2022-10,
1849,493152580,8,2022-10,
1850,436903861,10,2022-10,
1851,233520812,10,2022-10,
1852,110688239,12,2022-10,
1853,204380779,12,2022-10,PaddleSeg
1854,251201169,13,2022-10,
1855,383138186,15,2022-10,
1856,161509700,17,2022-10,
1857,104208128,18,2022-10,
1858,507861208,20,2022-10,FastDeploy
1859,296268741,23,2022-10,
1860,217475193,25,2022-10,PaddleDetection
1861,262296122,30,2022-10,PaddleOCR
1862,336274588,31,2022-10,PaddleNLP
1863,136450404,39,2022-10,
1864,65711522,160,2022-10,Paddle
1865,562479767,1,2022-11,
1866,321995806,1,2022-11,
1867,240230342,1,2022-11,
1868,274012656,1,2022-11,
1869,276845708,1,2022-11,
1870,244790548,1,2022-11,
1871,103466347,1,2022-11,
1872,210873203,2,2022-11,
1873,259513732,2,2022-11,
1874,164796418,2,2022-11,
1875,127058653,2,2022-11,
1876,513505410,2,2022-11,
1877,403829741,2,2022-11,
1878,427252454,2,2022-11,
1879,312259012,2,2022-11,
1880,227880026,2,2022-11,
1881,203514079,2,2022-11,
1882,520095016,2,2022-11,
1883,173544440,2,2022-11,
1884,114885555,3,2022-11,
1885,426046572,3,2022-11,
1886,314704349,3,2022-11,
1887,178685945,3,2022-11,
1888,227347371,3,2022-11,
1889,515526146,4,2022-11,
1890,240226378,4,2022-11,
1891,273214029,4,2022-11,PaddleGAN
1892,162672577,5,2022-11,PaddleHub
1893,566237024,5,2022-11,
1894,191286408,5,2022-11,
1895,566306389,5,2022-11,
1896,513813137,5,2022-11,
1897,131044128,6,2022-11,
1898,173032424,6,2022-11,
1899,436903861,8,2022-11,
1900,261698998,9,2022-11,
1901,228290594,10,2022-11,PaddleSlim
1902,204380779,11,2022-11,PaddleSeg
1903,110688239,12,2022-11,
1904,296268741,13,2022-11,
1905,493152580,14,2022-11,
1906,233520812,14,2022-11,
1907,475341715,15,2022-11,
1908,251201169,17,2022-11,
1909,262296122,21,2022-11,PaddleOCR
1910,161509700,21,2022-11,
1911,104208128,22,2022-11,
1912,383138186,23,2022-11,
1913,217475193,23,2022-11,PaddleDetection
1914,507861208,28,2022-11,FastDeploy
1915,88868842,33,2022-11,models
1916,336274588,37,2022-11,PaddleNLP
1917,136450404,43,2022-11,
1918,65711522,171,2022-11,Paddle
1919,580415405,1,2022-12,
1920,203514079,1,2022-12,
1921,274012656,1,2022-12,
1922,273214029,1,2022-12,PaddleGAN
1923,240226378,1,2022-12,
1924,264782838,1,2022-12,
1925,276845708,2,2022-12,
1926,131044128,2,2022-12,
1927,321995806,2,2022-12,
1928,164796418,2,2022-12,
1929,469388758,2,2022-12,
1930,566237024,2,2022-12,
1931,426046572,2,2022-12,
1932,88868842,2,2022-12,models
1933,244790548,2,2022-12,
1934,427252454,2,2022-12,
1935,196743910,2,2022-12,
1936,513505410,3,2022-12,
1937,583199561,3,2022-12,
1938,259513732,3,2022-12,
1939,114885555,3,2022-12,
1940,365999954,3,2022-12,
1941,227880026,3,2022-12,
1942,314704349,3,2022-12,
1943,566306389,4,2022-12,
1944,127058653,4,2022-12,
1945,191286408,4,2022-12,
1946,515526146,4,2022-12,
1947,162672577,5,2022-12,PaddleHub
1948,261698998,5,2022-12,
1949,436903861,6,2022-12,
1950,312259012,6,2022-12,
1951,210873203,6,2022-12,
1952,513813137,7,2022-12,
1953,228290594,8,2022-12,PaddleSlim
1954,562479767,8,2022-12,
1955,173032424,9,2022-12,
1956,296268741,10,2022-12,
1957,493152580,12,2022-12,
1958,233520812,12,2022-12,
1959,110688239,13,2022-12,
1960,251201169,13,2022-12,
1961,161509700,14,2022-12,
1962,204380779,16,2022-12,PaddleSeg
1963,475341715,18,2022-12,
1964,217475193,21,2022-12,PaddleDetection
1965,262296122,23,2022-12,PaddleOCR
1966,507861208,28,2022-12,FastDeploy
1967,104208128,28,2022-12,
1968,383138186,30,2022-12,
1969,336274588,41,2022-12,PaddleNLP
1970,136450404,55,2022-12,
1971,65711522,176,2022-12,Paddle
1972,210873203,1,2023-01,
1973,250154445,1,2023-01,
1974,333611338,1,2023-01,
1975,196743910,1,2023-01,
1976,515526146,1,2023-01,
1977,162672577,1,2023-01,PaddleHub
1978,227347371,1,2023-01,
1979,264782838,1,2023-01,
1980,385199026,1,2023-01,
1981,191286408,2,2023-01,
1982,312259012,2,2023-01,
1983,274012656,2,2023-01,
1984,469388758,2,2023-01,
1985,365999954,2,2023-01,
1986,131044128,2,2023-01,
1987,296268741,2,2023-01,
1988,423716718,2,2023-01,
1989,566237024,2,2023-01,
1990,321995806,2,2023-01,
1991,240226378,2,2023-01,
1992,426046572,2,2023-01,
1993,273214029,2,2023-01,PaddleGAN
1994,261698998,2,2023-01,
1995,314704349,3,2023-01,
1996,583199561,4,2023-01,
1997,114885555,4,2023-01,
1998,164796418,4,2023-01,
1999,436903861,5,2023-01,
2000,513505410,5,2023-01,
2001,127058653,5,2023-01,
2002,227880026,5,2023-01,
2003,493152580,6,2023-01,
2004,562479767,7,2023-01,
2005,513813137,7,2023-01,
2006,161509700,8,2023-01,
2007,173032424,8,2023-01,
2008,228290594,8,2023-01,PaddleSlim
2009,88868842,8,2023-01,models
2010,204380779,9,2023-01,PaddleSeg
2011,251201169,13,2023-01,
2012,110688239,13,2023-01,
2013,233520812,15,2023-01,
2014,475341715,16,2023-01,
2015,217475193,16,2023-01,PaddleDetection
2016,262296122,17,2023-01,PaddleOCR
2017,104208128,20,2023-01,
2018,383138186,20,2023-01,
2019,507861208,21,2023-01,FastDeploy
2020,336274588,33,2023-01,PaddleNLP
2021,136450404,33,2023-01,
2022,65711522,158,2023-01,Paddle
2023,162672577,1,2023-02,PaddleHub
2024,385199026,1,2023-02,
2025,227347371,1,2023-02,
2026,164796418,1,2023-02,
2027,493152580,1,2023-02,
2028,178685945,2,2023-02,
2029,596560396,2,2023-02,
2030,261698998,2,2023-02,
2031,240226378,2,2023-02,
2032,520095016,2,2023-02,
2033,274012656,2,2023-02,
2034,365999954,2,2023-02,
2035,515526146,3,2023-02,
2036,127058653,3,2023-02,
2037,583199561,3,2023-02,
2038,314704349,3,2023-02,
2039,312259012,3,2023-02,
2040,191286408,3,2023-02,
2041,114885555,3,2023-02,
2042,210873203,3,2023-02,
2043,259513732,3,2023-02,
2044,426046572,4,2023-02,
2045,273214029,4,2023-02,PaddleGAN
2046,227880026,4,2023-02,
2047,513505410,5,2023-02,
2048,131044128,5,2023-02,
2049,513813137,6,2023-02,
2050,562479767,6,2023-02,
2051,436903861,7,2023-02,
2052,228290594,7,2023-02,PaddleSlim
2053,88868842,8,2023-02,models
2054,475341715,11,2023-02,
2055,173032424,12,2023-02,
2056,161509700,13,2023-02,
2057,110688239,15,2023-02,
2058,233520812,15,2023-02,
2059,204380779,15,2023-02,PaddleSeg
2060,251201169,17,2023-02,
2061,383138186,17,2023-02,
2062,217475193,18,2023-02,PaddleDetection
2063,262296122,21,2023-02,PaddleOCR
2064,104208128,22,2023-02,
2065,507861208,25,2023-02,FastDeploy
2066,296268741,29,2023-02,
2067,336274588,35,2023-02,PaddleNLP
2068,136450404,47,2023-02,
2069,65711522,194,2023-02,Paddle
2070,173544440,1,2023-03,
2071,314704349,1,2023-03,
2072,162672577,1,2023-03,PaddleHub
2073,259220361,1,2023-03,
2074,274012656,2,2023-03,
2075,203514079,2,2023-03,
2076,365999954,2,2023-03,
2077,566237024,2,2023-03,
2078,273214029,2,2023-03,PaddleGAN
2079,210873203,2,2023-03,
2080,88868842,2,2023-03,models
2081,227880026,2,2023-03,
2082,244790548,2,2023-03,
2083,312259012,2,2023-03,
2084,227347371,2,2023-03,
2085,191286408,3,2023-03,
2086,583199561,3,2023-03,
2087,333611338,3,2023-03,
2088,114885555,3,2023-03,
2089,127058653,3,2023-03,
2090,164796418,3,2023-03,
2091,259513732,4,2023-03,
2092,426046572,5,2023-03,
2093,131044128,5,2023-03,
2094,513505410,5,2023-03,
2095,608649692,6,2023-03,
2096,562479767,6,2023-03,
2097,261698998,8,2023-03,
2098,436903861,8,2023-03,
2099,515526146,8,2023-03,
2100,228290594,8,2023-03,PaddleSlim
2101,251201169,12,2023-03,
2102,161509700,12,2023-03,
2103,204380779,13,2023-03,PaddleSeg
2104,513813137,13,2023-03,
2105,217475193,14,2023-03,PaddleDetection
2106,110688239,16,2023-03,
2107,173032424,17,2023-03,
2108,233520812,18,2023-03,
2109,475341715,18,2023-03,
2110,383138186,19,2023-03,
2111,104208128,23,2023-03,
2112,262296122,24,2023-03,PaddleOCR
2113,507861208,30,2023-03,FastDeploy
2114,336274588,49,2023-03,PaddleNLP
2115,296268741,53,2023-03,
2116,136450404,57,2023-03,
2117,65711522,250,2023-03,Paddle
2118,173544440,1,2023-04,
2119,423716718,1,2023-04,
2120,312259012,1,2023-04,
2121,114885555,1,2023-04,
2122,178685945,1,2023-04,
2123,583199561,1,2023-04,
2124,88868842,2,2023-04,models
2125,227880026,2,2023-04,
2126,164796418,2,2023-04,
2127,314704349,2,2023-04,
2128,127058653,2,2023-04,
2129,162672577,2,2023-04,PaddleHub
2130,427252454,2,2023-04,
2131,244790548,2,2023-04,
2132,274012656,2,2023-04,
2133,273214029,3,2023-04,PaddleGAN
2134,596560396,3,2023-04,
2135,131044128,3,2023-04,
2136,261698998,3,2023-04,
2137,365999954,3,2023-04,
2138,513505410,4,2023-04,
2139,566237024,4,2023-04,
2140,191286408,4,2023-04,
2141,426046572,4,2023-04,
2142,259513732,4,2023-04,
2143,562479767,5,2023-04,
2144,333611338,5,2023-04,
2145,515526146,6,2023-04,
2146,228290594,7,2023-04,PaddleSlim
2147,173032424,7,2023-04,
2148,436903861,7,2023-04,
2149,251201169,7,2023-04,
2150,608649692,7,2023-04,
2151,161509700,7,2023-04,
2152,217475193,11,2023-04,PaddleDetection
2153,513813137,12,2023-04,
2154,507861208,13,2023-04,FastDeploy
2155,110688239,13,2023-04,
2156,475341715,13,2023-04,
2157,204380779,16,2023-04,PaddleSeg
2158,262296122,20,2023-04,PaddleOCR
2159,104208128,20,2023-04,
2160,233520812,20,2023-04,
2161,383138186,22,2023-04,
2162,296268741,27,2023-04,
2163,336274588,46,2023-04,PaddleNLP
2164,136450404,48,2023-04,
2165,65711522,201,2023-04,Paddle
2166,562479767,1,2023-05,
2167,191286408,1,2023-05,
2168,427252454,1,2023-05,
2169,127693333,1,2023-05,
2170,75912778,1,2023-05,
2171,259220361,1,2023-05,
2172,227347371,1,2023-05,
2173,162672577,1,2023-05,PaddleHub
2174,114885555,1,2023-05,
2175,127058653,2,2023-05,
2176,131044128,2,2023-05,
2177,164796418,2,2023-05,
2178,244790548,2,2023-05,
2179,312259012,2,2023-05,
2180,596560396,3,2023-05,
2181,493152580,3,2023-05,
2182,566237024,4,2023-05,
2183,314704349,4,2023-05,
2184,426046572,5,2023-05,
2185,261698998,5,2023-05,
2186,515526146,5,2023-05,
2187,583199561,5,2023-05,
2188,608649692,6,2023-05,
2189,513505410,6,2023-05,
2190,333611338,6,2023-05,
2191,161509700,6,2023-05,
2192,259513732,6,2023-05,
2193,436903861,6,2023-05,
2194,228290594,7,2023-05,PaddleSlim
2195,173032424,8,2023-05,
2196,204380779,8,2023-05,PaddleSeg
2197,513813137,9,2023-05,
2198,475341715,9,2023-05,
2199,110688239,9,2023-05,
2200,251201169,11,2023-05,
2201,507861208,11,2023-05,FastDeploy
2202,104208128,13,2023-05,
2203,262296122,15,2023-05,PaddleOCR
2204,217475193,18,2023-05,PaddleDetection
2205,296268741,18,2023-05,
2206,383138186,19,2023-05,
2207,233520812,25,2023-05,
2208,336274588,34,2023-05,PaddleNLP
2209,136450404,40,2023-05,
2210,65711522,154,2023-05,Paddle
2211,259513732,1,2023-06,
2212,88868842,1,2023-06,models
2213,191286408,1,2023-06,
2214,173544440,1,2023-06,
2215,314704349,1,2023-06,
2216,227347371,2,2023-06,
2217,562479767,2,2023-06,
2218,114885555,2,2023-06,
2219,127058653,2,2023-06,
2220,161509700,2,2023-06,
2221,227880026,2,2023-06,
2222,427252454,2,2023-06,
2223,596560396,2,2023-06,
2224,515526146,2,2023-06,
2225,244790548,2,2023-06,
2226,273214029,2,2023-06,PaddleGAN
2227,566237024,2,2023-06,
2228,333611338,3,2023-06,
2229,513505410,3,2023-06,
2230,312259012,4,2023-06,
2231,436903861,4,2023-06,
2232,583199561,4,2023-06,
2233,261698998,4,2023-06,
2234,385199026,4,2023-06,
2235,228290594,5,2023-06,PaddleSlim
2236,493152580,5,2023-06,
2237,513813137,6,2023-06,
2238,110688239,8,2023-06,
2239,204380779,8,2023-06,PaddleSeg
2240,507861208,9,2023-06,FastDeploy
2241,475341715,9,2023-06,
2242,173032424,9,2023-06,
2243,251201169,9,2023-06,
2244,217475193,9,2023-06,PaddleDetection
2245,296268741,10,2023-06,
2246,104208128,10,2023-06,
2247,622926337,13,2023-06,
2248,608649692,13,2023-06,
2249,426046572,14,2023-06,
2250,383138186,15,2023-06,
2251,233520812,18,2023-06,
2252,262296122,19,2023-06,PaddleOCR
2253,136450404,28,2023-06,
2254,336274588,36,2023-06,PaddleNLP
2255,65711522,149,2023-06,Paddle
2256,427252454,1,2023-07,
2257,261698998,1,2023-07,
2258,227347371,1,2023-07,
2259,162672577,1,2023-07,PaddleHub
2260,259220361,1,2023-07,
2261,210873203,1,2023-07,
2262,127058653,1,2023-07,
2263,276845708,1,2023-07,
2264,88868842,1,2023-07,models
2265,596560396,1,2023-07,
2266,246509073,2,2023-07,
2267,333611338,2,2023-07,
2268,513505410,2,2023-07,
2269,259513732,2,2023-07,
2270,515526146,2,2023-07,
2271,314704349,2,2023-07,
2272,273214029,2,2023-07,PaddleGAN
2273,233520812,3,2023-07,
2274,131044128,3,2023-07,
2275,493152580,3,2023-07,
2276,110688239,3,2023-07,
2277,507861208,4,2023-07,FastDeploy
2278,312259012,4,2023-07,
2279,161509700,4,2023-07,
2280,583199561,5,2023-07,
2281,436903861,5,2023-07,
2282,228290594,5,2023-07,PaddleSlim
2283,104208128,5,2023-07,
2284,173032424,6,2023-07,
2285,513813137,7,2023-07,
2286,426046572,7,2023-07,
2287,251201169,9,2023-07,
2288,622926337,10,2023-07,
2289,662392605,11,2023-07,
2290,204380779,11,2023-07,PaddleSeg
2291,608649692,14,2023-07,
2292,475341715,15,2023-07,
2293,383138186,16,2023-07,
2294,296268741,17,2023-07,
2295,217475193,19,2023-07,PaddleDetection
2296,262296122,25,2023-07,PaddleOCR
2297,136450404,31,2023-07,
2298,336274588,38,2023-07,PaddleNLP
2299,65711522,171,2023-07,Paddle
2300,333611338,1,2023-08,
2301,493152580,1,2023-08,
2302,114885555,1,2023-08,
2303,191286408,1,2023-08,
2304,261698998,1,2023-08,
2305,314704349,2,2023-08,
2306,427252454,2,2023-08,
2307,312259012,2,2023-08,
2308,273214029,2,2023-08,PaddleGAN
2309,321995806,2,2023-08,
2310,583199561,2,2023-08,
2311,515526146,2,2023-08,
2312,513505410,2,2023-08,
2313,127058653,2,2023-08,
2314,596560396,3,2023-08,
2315,507861208,4,2023-08,FastDeploy
2316,685099320,4,2023-08,
2317,436903861,4,2023-08,
2318,608649692,5,2023-08,
2319,110688239,5,2023-08,
2320,161509700,5,2023-08,
2321,259513732,5,2023-08,
2322,513813137,5,2023-08,
2323,228290594,6,2023-08,PaddleSlim
2324,173032424,6,2023-08,
2325,426046572,9,2023-08,
2326,104208128,10,2023-08,
2327,251201169,10,2023-08,
2328,204380779,11,2023-08,PaddleSeg
2329,475341715,11,2023-08,
2330,622926337,12,2023-08,
2331,217475193,12,2023-08,PaddleDetection
2332,662392605,13,2023-08,
2333,383138186,15,2023-08,
2334,296268741,17,2023-08,
2335,262296122,30,2023-08,PaddleOCR
2336,136450404,30,2023-08,
2337,336274588,48,2023-08,PaddleNLP
2338,65711522,182,2023-08,Paddle
2339,178685945,1,2023-09,
2340,162672577,1,2023-09,PaddleHub
2341,88868842,1,2023-09,models
2342,493152580,1,2023-09,
2343,127058653,1,2023-09,
2344,131044128,1,2023-09,
2345,244790548,1,2023-09,
2346,596560396,2,2023-09,
2347,246509073,2,2023-09,
2348,314704349,2,2023-09,
2349,436903861,2,2023-09,
2350,114885555,2,2023-09,
2351,259513732,2,2023-09,
2352,191286408,3,2023-09,
2353,513813137,4,2023-09,
2354,110688239,5,2023-09,
2355,685099320,5,2023-09,
2356,204380779,6,2023-09,PaddleSeg
2357,608649692,6,2023-09,
2358,104208128,7,2023-09,
2359,622926337,8,2023-09,
2360,173032424,8,2023-09,
2361,426046572,9,2023-09,
2362,251201169,11,2023-09,
2363,383138186,11,2023-09,
2364,475341715,13,2023-09,
2365,217475193,15,2023-09,PaddleDetection
2366,662392605,17,2023-09,
2367,262296122,20,2023-09,PaddleOCR
2368,136450404,34,2023-09,
2369,296268741,41,2023-09,
2370,336274588,46,2023-09,PaddleNLP
2371,65711522,165,2023-09,Paddle
2372,513813137,1,2023-10,
2373,583199561,1,2023-10,
2374,515526146,1,2023-10,
2375,436903861,2,2023-10,
2376,259513732,2,2023-10,
2377,162672577,2,2023-10,PaddleHub
2378,596560396,2,2023-10,
2379,228290594,2,2023-10,PaddleSlim
2380,513505410,2,2023-10,
2381,227347371,3,2023-10,
2382,173032424,3,2023-10,
2383,127058653,3,2023-10,
2384,110688239,3,2023-10,
2385,685099320,3,2023-10,
2386,622926337,4,2023-10,
2387,104208128,4,2023-10,
2388,608649692,5,2023-10,
2389,507861208,5,2023-10,FastDeploy
2390,204380779,5,2023-10,PaddleSeg
2391,383138186,7,2023-10,
2392,261698998,7,2023-10,
2393,217475193,7,2023-10,PaddleDetection
2394,475341715,9,2023-10,
2395,251201169,10,2023-10,
2396,662392605,11,2023-10,
2397,262296122,14,2023-10,PaddleOCR
2398,426046572,16,2023-10,
2399,136450404,18,2023-10,
2400,296268741,31,2023-10,
2401,336274588,52,2023-10,PaddleNLP
2402,65711522,154,2023-10,Paddle
2403,259220361,1,2023-11,
2404,261698998,1,2023-11,
2405,622926337,1,2023-11,
2406,583199561,1,2023-11,
2407,566237024,1,2023-11,
2408,314704349,1,2023-11,
2409,233520812,1,2023-11,
2410,173032424,2,2023-11,
2411,244790548,2,2023-11,
2412,596560396,2,2023-11,
2413,513505410,2,2023-11,
2414,312259012,2,2023-11,
2415,250154445,2,2023-11,
2416,513813137,2,2023-11,
2417,228290594,3,2023-11,PaddleSlim
2418,104208128,3,2023-11,
2419,110688239,4,2023-11,
2420,475341715,4,2023-11,
2421,273214029,4,2023-11,PaddleGAN
2422,507861208,5,2023-11,FastDeploy
2423,204380779,6,2023-11,PaddleSeg
2424,436903861,6,2023-11,
2425,251201169,7,2023-11,
2426,608649692,7,2023-11,
2427,685099320,7,2023-11,
2428,217475193,8,2023-11,PaddleDetection
2429,383138186,9,2023-11,
2430,426046572,14,2023-11,
2431,662392605,17,2023-11,
2432,262296122,18,2023-11,PaddleOCR
2433,296268741,29,2023-11,
2434,136450404,40,2023-11,
2435,336274588,44,2023-11,PaddleNLP
2436,65711522,171,2023-11,Paddle
2437,203514079,1,2023-12,
2438,622926337,1,2023-12,
2439,244790548,1,2023-12,
2440,191286408,1,2023-12,
2441,403829741,1,2023-12,
2442,513505410,2,2023-12,
2443,273214029,2,2023-12,PaddleGAN
2444,596560396,2,2023-12,
2445,493152580,2,2023-12,
2446,312259012,3,2023-12,
2447,259513732,3,2023-12,
2448,261698998,3,2023-12,
2449,104208128,3,2023-12,
2450,204380779,4,2023-12,PaddleSeg
2451,608649692,4,2023-12,
2452,436903861,4,2023-12,
2453,110688239,4,2023-12,
2454,513813137,5,2023-12,
2455,251201169,6,2023-12,
2456,507861208,7,2023-12,FastDeploy
2457,228290594,7,2023-12,PaddleSlim
2458,685099320,9,2023-12,
2459,475341715,9,2023-12,
2460,217475193,10,2023-12,PaddleDetection
2461,383138186,12,2023-12,
2462,426046572,12,2023-12,
2463,662392605,13,2023-12,
2464,262296122,18,2023-12,PaddleOCR
2465,296268741,20,2023-12,
2466,136450404,34,2023-12,
2467,336274588,48,2023-12,PaddleNLP
2468,65711522,155,2023-12,Paddle
2469,244790548,1,2024-01,
2470,178685945,1,2024-01,
2471,110688239,1,2024-01,
2472,583199561,1,2024-01,
2473,513505410,1,2024-01,
2474,104208128,1,2024-01,
2475,133907444,1,2024-01,
2476,127058653,2,2024-01,
2477,312259012,2,2024-01,
2478,204380779,2,2024-01,PaddleSeg
2479,513813137,2,2024-01,
2480,227347371,2,2024-01,
2481,259513732,2,2024-01,
2482,217475193,3,2024-01,PaddleDetection
2483,596560396,3,2024-01,
2484,251201169,3,2024-01,
2485,228290594,3,2024-01,PaddleSlim
2486,507861208,3,2024-01,FastDeploy
2487,261698998,3,2024-01,
2488,608649692,3,2024-01,
2489,436903861,5,2024-01,
2490,426046572,7,2024-01,
2491,685099320,8,2024-01,
2492,262296122,10,2024-01,PaddleOCR
2493,296268741,13,2024-01,
2494,383138186,15,2024-01,
2495,475341715,15,2024-01,
2496,662392605,15,2024-01,
2497,136450404,27,2024-01,
2498,336274588,54,2024-01,PaddleNLP
2499,65711522,150,2024-01,Paddle
2500,246509073,1,2024-02,
2501,127058653,1,2024-02,
2502,259513732,1,2024-02,
2503,583199561,1,2024-02,
2504,227347371,1,2024-02,
2505,110688239,1,2024-02,
2506,493152580,1,2024-02,
2507,596560396,1,2024-02,
2508,333611338,1,2024-02,
2509,164796418,1,2024-02,
2510,204380779,2,2024-02,PaddleSeg
2511,244790548,2,2024-02,
2512,608649692,2,2024-02,
2513,513505410,2,2024-02,
2514,427252454,3,2024-02,
2515,296268741,3,2024-02,
2516,436903861,3,2024-02,
2517,273214029,3,2024-02,PaddleGAN
2518,515526146,3,2024-02,
2519,685099320,3,2024-02,
2520,507861208,4,2024-02,FastDeploy
2521,173032424,4,2024-02,
2522,228290594,4,2024-02,PaddleSlim
2523,261698998,4,2024-02,
2524,426046572,5,2024-02,
2525,513813137,6,2024-02,
2526,217475193,6,2024-02,PaddleDetection
2527,104208128,6,2024-02,
2528,251201169,6,2024-02,
2529,383138186,7,2024-02,
2530,262296122,8,2024-02,PaddleOCR
2531,662392605,9,2024-02,
2532,136450404,13,2024-02,
2533,475341715,15,2024-02,
2534,336274588,37,2024-02,PaddleNLP
2535,65711522,139,2024-02,Paddle
2536,596560396,1,2024-03,
2537,312259012,1,2024-03,
2538,513505410,1,2024-03,
2539,203514079,1,2024-03,
2540,161509700,1,2024-03,
2541,246509073,1,2024-03,
2542,178685945,1,2024-03,
2543,685099320,1,2024-03,
2544,608649692,1,2024-03,
2545,314704349,1,2024-03,
2546,204380779,2,2024-03,PaddleSeg
2547,273214029,2,2024-03,PaddleGAN
2548,173032424,2,2024-03,
2549,427252454,2,2024-03,
2550,227347371,2,2024-03,
2551,259513732,3,2024-03,
2552,513813137,3,2024-03,
2553,507861208,3,2024-03,FastDeploy
2554,436903861,3,2024-03,
2555,110688239,4,2024-03,
2556,228290594,4,2024-03,PaddleSlim
2557,261698998,5,2024-03,
2558,251201169,6,2024-03,
2559,217475193,7,2024-03,PaddleDetection
2560,104208128,8,2024-03,
2561,296268741,9,2024-03,
2562,262296122,10,2024-03,PaddleOCR
2563,662392605,12,2024-03,
2564,426046572,12,2024-03,
2565,383138186,15,2024-03,
2566,136450404,21,2024-03,
2567,475341715,27,2024-03,
2568,336274588,52,2024-03,PaddleNLP
2569,65711522,145,2024-03,Paddle
