,repo_id,record_num,year_month,community
0,65711522,43,2016-11,Paddle
1,65711522,144,2016-12,Paddle
2,76616099,5,2016-12,
3,75804012,2,2016-12,
4,75261722,1,2016-12,
5,75912778,1,2016-12,
6,65711522,66,2017-01,Paddle
7,76616099,27,2017-01,
8,78274119,1,2017-01,
9,65711522,63,2017-02,Paddle
10,76616099,11,2017-02,
11,65711522,123,2017-03,Paddle
12,76616099,121,2017-03,
13,78517160,1,2017-03,
14,65711522,93,2017-04,Paddle
15,76616099,33,2017-04,
16,88829446,11,2017-04,
17,88800008,3,2017-04,
18,89484677,2,2017-04,
19,88868842,2,2017-04,models
20,78517160,1,2017-04,
21,65711522,130,2017-05,Paddle
22,89484677,47,2017-05,
23,88868842,12,2017-05,models
24,76616099,10,2017-05,
25,88800008,2,2017-05,
26,65711522,124,2017-06,Paddle
27,88868842,41,2017-06,models
28,89484677,33,2017-06,
29,93210289,6,2017-06,
30,76616099,5,2017-06,
31,65711522,178,2017-07,Paddle
32,89484677,30,2017-07,
33,88868842,19,2017-07,models
34,76616099,7,2017-07,
35,79296035,2,2017-07,
36,93210289,1,2017-07,
37,98599362,1,2017-07,
38,65711522,233,2017-08,Paddle
39,89484677,30,2017-08,
40,88868842,24,2017-08,models
41,101101544,16,2017-08,
42,98599362,1,2017-08,
43,99488243,1,2017-08,
44,93210289,1,2017-08,
45,79296035,1,2017-08,
46,98356563,1,2017-08,
47,65711522,240,2017-09,Paddle
48,88868842,60,2017-09,models
49,76616099,42,2017-09,
50,103466347,35,2017-09,
51,89484677,3,2017-09,
52,98599362,3,2017-09,
53,101101544,2,2017-09,
54,79296035,1,2017-09,
55,65711522,333,2017-10,Paddle
56,103466347,85,2017-10,
57,89484677,23,2017-10,
58,88868842,21,2017-10,models
59,101101544,12,2017-10,
60,98599362,7,2017-10,
61,103829150,4,2017-10,
62,105948868,3,2017-10,
63,76616099,1,2017-10,
64,88800008,1,2017-10,
65,65711522,321,2017-11,Paddle
66,103466347,55,2017-11,
67,88868842,52,2017-11,models
68,89484677,27,2017-11,
69,110688239,16,2017-11,
70,101101544,13,2017-11,
71,98599362,6,2017-11,
72,76616099,5,2017-11,
73,109658668,3,2017-11,
74,105948868,3,2017-11,
75,98356563,1,2017-11,
76,65711522,287,2017-12,Paddle
77,88868842,21,2017-12,models
78,98599362,14,2017-12,
79,110688239,12,2017-12,
80,114885555,12,2017-12,
81,103466347,11,2017-12,
82,101101544,7,2017-12,
83,89484677,6,2017-12,
84,75261722,5,2017-12,
85,88800008,2,2017-12,
86,76616099,2,2017-12,
87,105948868,1,2017-12,
88,65711522,328,2018-01,Paddle
89,114885555,103,2018-01,
90,88868842,24,2018-01,models
91,89484677,19,2018-01,
92,103466347,10,2018-01,
93,101101544,4,2018-01,
94,109658668,3,2018-01,
95,105948868,3,2018-01,
96,98599362,2,2018-01,
97,110688239,1,2018-01,
98,76616099,1,2018-01,
99,65711522,223,2018-02,Paddle
100,103466347,27,2018-02,
101,114885555,26,2018-02,
102,88868842,23,2018-02,models
103,89484677,20,2018-02,
104,101101544,9,2018-02,
105,76616099,5,2018-02,
106,110688239,1,2018-02,
107,65711522,247,2018-03,Paddle
108,88868842,39,2018-03,models
109,114885555,36,2018-03,
110,101101544,19,2018-03,
111,103466347,11,2018-03,
112,89484677,10,2018-03,
113,125206311,9,2018-03,
114,123634214,8,2018-03,
115,76616099,3,2018-03,
116,110688239,2,2018-03,
117,65711522,294,2018-04,Paddle
118,114885555,45,2018-04,
119,88868842,34,2018-04,models
120,103466347,11,2018-04,
121,127058653,11,2018-04,
122,125206311,7,2018-04,
123,104208128,7,2018-04,
124,101101544,5,2018-04,
125,123634214,3,2018-04,
126,76616099,3,2018-04,
127,98599362,3,2018-04,
128,89484677,1,2018-04,
129,98356563,1,2018-04,
130,131044128,1,2018-04,
131,65711522,289,2018-05,Paddle
132,104208128,71,2018-05,
133,88868842,24,2018-05,models
134,133907444,16,2018-05,
135,125206311,12,2018-05,
136,114885555,7,2018-05,
137,127058653,5,2018-05,
138,131044128,5,2018-05,
139,101101544,4,2018-05,
140,103466347,3,2018-05,
141,127693333,3,2018-05,
142,76616099,2,2018-05,
143,123634214,1,2018-05,
144,110688239,1,2018-05,
145,65711522,328,2018-06,Paddle
146,133907444,82,2018-06,
147,104208128,63,2018-06,
148,88868842,31,2018-06,models
149,103466347,31,2018-06,
150,76616099,25,2018-06,
151,137793455,23,2018-06,
152,136450404,19,2018-06,
153,127693333,18,2018-06,
154,125206311,12,2018-06,
155,131044128,4,2018-06,
156,89484677,3,2018-06,
157,127058653,3,2018-06,
158,123634214,2,2018-06,
159,114885555,1,2018-06,
160,110688239,1,2018-06,
161,65711522,220,2018-07,Paddle
162,104208128,83,2018-07,
163,103466347,52,2018-07,
164,133907444,44,2018-07,
165,88868842,23,2018-07,models
166,127693333,15,2018-07,
167,139537415,11,2018-07,
168,76616099,11,2018-07,
169,114885555,9,2018-07,
170,137793455,7,2018-07,
171,125206311,5,2018-07,
172,136450404,2,2018-07,
173,123634214,2,2018-07,
174,65711522,246,2018-08,Paddle
175,104208128,110,2018-08,
176,133907444,87,2018-08,
177,88868842,76,2018-08,models
178,103466347,38,2018-08,
179,127693333,28,2018-08,
180,125206311,17,2018-08,
181,76616099,12,2018-08,
182,114885555,7,2018-08,
183,136450404,7,2018-08,
184,123634214,3,2018-08,
185,101101544,2,2018-08,
186,93210289,1,2018-08,
187,65711522,317,2018-09,Paddle
188,104208128,97,2018-09,
189,88868842,67,2018-09,models
190,133907444,56,2018-09,
191,136450404,37,2018-09,
192,103466347,15,2018-09,
193,127693333,13,2018-09,
194,114885555,8,2018-09,
195,101101544,7,2018-09,
196,76616099,5,2018-09,
197,131044128,2,2018-09,
198,125206311,1,2018-09,
199,123634214,1,2018-09,
200,65711522,187,2018-10,Paddle
201,104208128,114,2018-10,
202,136450404,106,2018-10,
203,88868842,52,2018-10,models
204,103466347,35,2018-10,
205,76616099,10,2018-10,
206,125206311,2,2018-10,
207,127693333,2,2018-10,
208,101101544,1,2018-10,
209,65711522,225,2018-11,Paddle
210,136450404,79,2018-11,
211,104208128,39,2018-11,
212,88868842,34,2018-11,models
213,103466347,15,2018-11,
214,131044128,8,2018-11,
215,133907444,5,2018-11,
216,127693333,3,2018-11,
217,76616099,2,2018-11,
218,125206311,2,2018-11,
219,114885555,2,2018-11,
220,127058653,2,2018-11,
221,75912778,1,2018-11,
222,101101544,1,2018-11,
223,65711522,160,2018-12,Paddle
224,136450404,77,2018-12,
225,88868842,36,2018-12,models
226,127693333,28,2018-12,
227,104208128,22,2018-12,
228,133907444,9,2018-12,
229,103466347,8,2018-12,
230,76616099,6,2018-12,
231,131044128,6,2018-12,
232,101101544,5,2018-12,
233,114885555,4,2018-12,
234,161509700,2,2018-12,
235,75912778,1,2018-12,
236,65711522,190,2019-01,Paddle
237,88868842,54,2019-01,models
238,136450404,39,2019-01,
239,104208128,30,2019-01,
240,127693333,18,2019-01,
241,103466347,9,2019-01,
242,125206311,8,2019-01,
243,76616099,4,2019-01,
244,131044128,4,2019-01,
245,164796418,2,2019-01,
246,114885555,1,2019-01,
247,75912778,1,2019-01,
248,133907444,1,2019-01,
249,101101544,1,2019-01,
250,65711522,190,2019-02,Paddle
251,136450404,81,2019-02,
252,88868842,30,2019-02,models
253,76616099,12,2019-02,
254,104208128,9,2019-02,
255,161509700,5,2019-02,
256,127693333,2,2019-02,
257,131044128,2,2019-02,
258,103466347,1,2019-02,
259,171811851,1,2019-02,
260,114885555,1,2019-02,
261,65711522,252,2019-03,Paddle
262,88868842,61,2019-03,models
263,104208128,45,2019-03,
264,136450404,39,2019-03,
265,173544440,27,2019-03,
266,164796418,11,2019-03,
267,127693333,8,2019-03,
268,173032424,6,2019-03,
269,131044128,5,2019-03,
270,75912778,4,2019-03,
271,114885555,3,2019-03,
272,123634214,2,2019-03,
273,76616099,2,2019-03,
274,161509700,1,2019-03,
275,65711522,304,2019-04,Paddle
276,88868842,127,2019-04,models
277,136450404,84,2019-04,
278,173032424,37,2019-04,
279,104208128,24,2019-04,
280,162672577,23,2019-04,PaddleHub
281,131044128,14,2019-04,
282,173544440,10,2019-04,
283,171811851,6,2019-04,
284,164796418,6,2019-04,
285,127693333,5,2019-04,
286,103466347,5,2019-04,
287,76616099,3,2019-04,
288,75912778,3,2019-04,
289,178685945,2,2019-04,
290,161509700,2,2019-04,
291,133907444,2,2019-04,
292,110688239,1,2019-04,
293,65711522,265,2019-05,Paddle
294,88868842,69,2019-05,models
295,104208128,50,2019-05,
296,173032424,34,2019-05,
297,136450404,22,2019-05,
298,127693333,12,2019-05,
299,76616099,11,2019-05,
300,162672577,6,2019-05,PaddleHub
301,161509700,4,2019-05,
302,173544440,3,2019-05,
303,178685945,3,2019-05,
304,103466347,2,2019-05,
305,131044128,2,2019-05,
306,75912778,2,2019-05,
307,125206311,1,2019-05,
308,65711522,324,2019-06,Paddle
309,88868842,164,2019-06,models
310,136450404,83,2019-06,
311,173032424,33,2019-06,
312,104208128,21,2019-06,
313,162672577,13,2019-06,PaddleHub
314,161509700,11,2019-06,
315,76616099,10,2019-06,
316,173544440,8,2019-06,
317,127693333,7,2019-06,
318,191286408,5,2019-06,
319,103466347,4,2019-06,
320,178685945,3,2019-06,
321,164796418,3,2019-06,
322,114885555,3,2019-06,
323,131044128,2,2019-06,
324,127058653,2,2019-06,
325,179445887,1,2019-06,
326,110688239,1,2019-06,
327,125206311,1,2019-06,
328,75912778,1,2019-06,
329,133907444,1,2019-06,
330,88868842,197,2019-07,models
331,65711522,179,2019-07,Paddle
332,136450404,70,2019-07,
333,104208128,51,2019-07,
334,173544440,18,2019-07,
335,164796418,17,2019-07,
336,131044128,17,2019-07,
337,173032424,13,2019-07,
338,178685945,13,2019-07,
339,76616099,9,2019-07,
340,127693333,5,2019-07,
341,161509700,5,2019-07,
342,162672577,4,2019-07,PaddleHub
343,133907444,4,2019-07,
344,114885555,1,2019-07,
345,103466347,1,2019-07,
346,75912778,1,2019-07,
347,196743910,1,2019-07,
348,65711522,221,2019-08,Paddle
349,88868842,97,2019-08,models
350,104208128,84,2019-08,
351,136450404,56,2019-08,
352,164796418,35,2019-08,
353,178685945,29,2019-08,
354,131044128,27,2019-08,
355,173032424,23,2019-08,
356,173544440,12,2019-08,
357,161509700,12,2019-08,
358,162672577,11,2019-08,PaddleHub
359,203514079,8,2019-08,
360,76616099,8,2019-08,
361,204380779,8,2019-08,PaddleSeg
362,196743910,5,2019-08,
363,127058653,5,2019-08,
364,110688239,3,2019-08,
365,127693333,3,2019-08,
366,65711522,294,2019-09,Paddle
367,136450404,233,2019-09,
368,104208128,126,2019-09,
369,88868842,122,2019-09,models
370,164796418,32,2019-09,
371,173032424,31,2019-09,
372,204380779,26,2019-09,PaddleSeg
373,162672577,20,2019-09,PaddleHub
374,178685945,18,2019-09,
375,127058653,10,2019-09,
376,203514079,8,2019-09,
377,76616099,7,2019-09,
378,173544440,7,2019-09,
379,161509700,7,2019-09,
380,210520127,6,2019-09,
381,131044128,6,2019-09,
382,171811851,2,2019-09,
383,196743910,2,2019-09,
384,203899406,2,2019-09,
385,65711522,542,2019-10,Paddle
386,88868842,266,2019-10,models
387,136450404,145,2019-10,
388,104208128,114,2019-10,
389,164796418,24,2019-10,
390,76616099,21,2019-10,
391,173032424,16,2019-10,
392,204380779,14,2019-10,PaddleSeg
393,162672577,13,2019-10,PaddleHub
394,178685945,10,2019-10,
395,210520127,10,2019-10,
396,161509700,10,2019-10,
397,217475193,8,2019-10,PaddleDetection
398,131044128,7,2019-10,
399,210873203,6,2019-10,
400,191286408,6,2019-10,
401,110688239,5,2019-10,
402,127058653,5,2019-10,
403,173544440,3,2019-10,
404,203514079,2,2019-10,
405,123634214,2,2019-10,
406,203899406,1,2019-10,
407,127693333,1,2019-10,
408,65711522,246,2019-11,Paddle
409,104208128,178,2019-11,
410,88868842,76,2019-11,models
411,136450404,45,2019-11,
412,173032424,28,2019-11,
413,217475193,25,2019-11,PaddleDetection
414,162672577,17,2019-11,PaddleHub
415,210520127,16,2019-11,
416,161509700,16,2019-11,
417,204380779,12,2019-11,PaddleSeg
418,164796418,11,2019-11,
419,127693333,10,2019-11,
420,131044128,8,2019-11,
421,178685945,6,2019-11,
422,210873203,5,2019-11,
423,173544440,3,2019-11,
424,203514079,3,2019-11,
425,127058653,3,2019-11,
426,203899406,2,2019-11,
427,191286408,1,2019-11,
428,110688239,1,2019-11,
429,65711522,306,2019-12,Paddle
430,104208128,142,2019-12,
431,88868842,67,2019-12,models
432,136450404,54,2019-12,
433,217475193,36,2019-12,PaddleDetection
434,162672577,27,2019-12,PaddleHub
435,204380779,24,2019-12,PaddleSeg
436,127693333,22,2019-12,
437,227880026,19,2019-12,
438,161509700,17,2019-12,
439,228290594,16,2019-12,PaddleSlim
440,178685945,13,2019-12,
441,224622052,10,2019-12,
442,173032424,9,2019-12,
443,131044128,8,2019-12,
444,210520127,8,2019-12,
445,203514079,6,2019-12,
446,110688239,5,2019-12,
447,164796418,4,2019-12,
448,196743910,3,2019-12,
449,227347371,3,2019-12,
450,225549581,2,2019-12,
451,210873203,2,2019-12,
452,191286408,1,2019-12,
453,203899406,1,2019-12,
454,173544440,1,2019-12,
455,65711522,236,2020-01,Paddle
456,104208128,59,2020-01,
457,88868842,51,2020-01,models
458,136450404,48,2020-01,
459,228290594,31,2020-01,PaddleSlim
460,162672577,27,2020-01,PaddleHub
461,217475193,19,2020-01,PaddleDetection
462,127693333,10,2020-01,
463,227880026,8,2020-01,
464,161509700,8,2020-01,
465,210873203,7,2020-01,
466,204380779,7,2020-01,PaddleSeg
467,76616099,5,2020-01,
468,210520127,5,2020-01,
469,178685945,4,2020-01,
470,173544440,3,2020-01,
471,131044128,2,2020-01,
472,227347371,2,2020-01,
473,203514079,2,2020-01,
474,196743910,1,2020-01,
475,191286408,1,2020-01,
476,228297846,1,2020-01,
477,137793455,1,2020-01,
478,123634214,1,2020-01,
479,110688239,1,2020-01,
480,171811851,1,2020-01,
481,173032424,1,2020-01,
482,65711522,206,2020-02,Paddle
483,104208128,163,2020-02,
484,136450404,100,2020-02,
485,88868842,89,2020-02,models
486,228290594,78,2020-02,PaddleSlim
487,217475193,50,2020-02,PaddleDetection
488,178685945,40,2020-02,
489,162672577,24,2020-02,PaddleHub
490,240226378,17,2020-02,
491,210520127,17,2020-02,
492,204380779,10,2020-02,PaddleSeg
493,173032424,9,2020-02,
494,127693333,9,2020-02,
495,161509700,5,2020-02,
496,227880026,4,2020-02,
497,127058653,2,2020-02,
498,164796418,2,2020-02,
499,191286408,2,2020-02,
500,114885555,2,2020-02,
501,210873203,2,2020-02,
502,203514079,2,2020-02,
503,173544440,1,2020-02,
504,76616099,1,2020-02,
505,131044128,1,2020-02,
506,240230342,1,2020-02,
507,65711522,227,2020-03,Paddle
508,104208128,160,2020-03,
509,178685945,76,2020-03,
510,88868842,68,2020-03,models
511,136450404,63,2020-03,
512,217475193,39,2020-03,PaddleDetection
513,162672577,30,2020-03,PaddleHub
514,114885555,25,2020-03,
515,127693333,21,2020-03,
516,228290594,21,2020-03,PaddleSlim
517,173032424,18,2020-03,
518,131044128,18,2020-03,
519,244790548,16,2020-03,
520,227347371,14,2020-03,
521,228297846,10,2020-03,
522,191286408,7,2020-03,
523,161509700,6,2020-03,
524,204380779,5,2020-03,PaddleSeg
525,250154445,5,2020-03,
526,123634214,4,2020-03,
527,210873203,4,2020-03,
528,210520127,3,2020-03,
529,240226378,3,2020-03,
530,196743910,3,2020-03,
531,164796418,3,2020-03,
532,246509073,3,2020-03,
533,173544440,2,2020-03,
534,240230342,2,2020-03,
535,203736612,2,2020-03,
536,225549581,1,2020-03,
537,227880026,1,2020-03,
538,203899406,1,2020-03,
539,76616099,1,2020-03,
540,203514079,1,2020-03,
541,65711522,612,2020-04,Paddle
542,104208128,143,2020-04,
543,251201169,84,2020-04,
544,178685945,80,2020-04,
545,136450404,65,2020-04,
546,217475193,56,2020-04,PaddleDetection
547,228297846,51,2020-04,
548,228290594,30,2020-04,PaddleSlim
549,88868842,28,2020-04,models
550,173032424,26,2020-04,
551,191286408,23,2020-04,
552,131044128,16,2020-04,
553,203514079,11,2020-04,
554,162672577,8,2020-04,PaddleHub
555,244790548,8,2020-04,
556,127693333,7,2020-04,
557,204380779,7,2020-04,PaddleSeg
558,240226378,7,2020-04,
559,246509073,4,2020-04,
560,123634214,3,2020-04,
561,227880026,3,2020-04,
562,210520127,3,2020-04,
563,114885555,2,2020-04,
564,210873203,2,2020-04,
565,161509700,2,2020-04,
566,173544440,2,2020-04,
567,76616099,1,2020-04,
568,127058653,1,2020-04,
569,164796418,1,2020-04,
570,225549581,1,2020-04,
571,203736612,1,2020-04,
572,259220361,1,2020-04,
573,250154445,1,2020-04,
574,65711522,257,2020-05,Paddle
575,104208128,144,2020-05,
576,136450404,132,2020-05,
577,217475193,101,2020-05,PaddleDetection
578,246509073,80,2020-05,
579,228290594,56,2020-05,PaddleSlim
580,262296122,54,2020-05,PaddleOCR
581,173032424,48,2020-05,
582,88868842,46,2020-05,models
583,178685945,42,2020-05,
584,204380779,31,2020-05,PaddleSeg
585,114885555,22,2020-05,
586,191286408,20,2020-05,
587,162672577,19,2020-05,PaddleHub
588,251201169,19,2020-05,
589,210873203,16,2020-05,
590,261698998,15,2020-05,
591,173544440,15,2020-05,
592,259513732,9,2020-05,
593,131044128,9,2020-05,
594,228297846,8,2020-05,
595,244790548,5,2020-05,
596,240226378,4,2020-05,
597,203514079,4,2020-05,
598,196743910,4,2020-05,
599,127693333,3,2020-05,
600,227880026,2,2020-05,
601,250154445,2,2020-05,
602,161509700,2,2020-05,
603,259220361,2,2020-05,
604,164796418,1,2020-05,
605,110688239,1,2020-05,
606,65711522,189,2020-06,Paddle
607,104208128,72,2020-06,
608,259513732,64,2020-06,
609,136450404,52,2020-06,
610,173032424,47,2020-06,
611,262296122,47,2020-06,PaddleOCR
612,217475193,43,2020-06,PaddleDetection
613,178685945,39,2020-06,
614,251201169,36,2020-06,
615,246509073,33,2020-06,
616,131044128,28,2020-06,
617,228290594,27,2020-06,PaddleSlim
618,114885555,20,2020-06,
619,162672577,14,2020-06,PaddleHub
620,161509700,11,2020-06,
621,88868842,10,2020-06,models
622,204380779,10,2020-06,PaddleSeg
623,173544440,10,2020-06,
624,164796418,8,2020-06,
625,259220361,8,2020-06,
626,191286408,7,2020-06,
627,203514079,7,2020-06,
628,250154445,7,2020-06,
629,240226378,5,2020-06,
630,244790548,5,2020-06,
631,127693333,4,2020-06,
632,210873203,3,2020-06,
633,196743910,1,2020-06,
634,110688239,1,2020-06,
635,203736612,1,2020-06,
636,127058653,1,2020-06,
637,65711522,280,2020-07,Paddle
638,104208128,109,2020-07,
639,262296122,68,2020-07,PaddleOCR
640,246509073,52,2020-07,
641,136450404,50,2020-07,
642,217475193,48,2020-07,PaddleDetection
643,173032424,34,2020-07,
644,114885555,33,2020-07,
645,178685945,27,2020-07,
646,162672577,27,2020-07,PaddleHub
647,251201169,18,2020-07,
648,259513732,16,2020-07,
649,161509700,15,2020-07,
650,131044128,13,2020-07,
651,164796418,11,2020-07,
652,276845708,10,2020-07,
653,228290594,8,2020-07,PaddleSlim
654,88868842,7,2020-07,models
655,227880026,5,2020-07,
656,240226378,5,2020-07,
657,204380779,5,2020-07,PaddleSeg
658,250154445,4,2020-07,
659,259220361,4,2020-07,
660,210873203,3,2020-07,
661,273214029,3,2020-07,PaddleGAN
662,173544440,3,2020-07,
663,191286408,3,2020-07,
664,261698998,2,2020-07,
665,203736612,1,2020-07,
666,65711522,421,2020-08,Paddle
667,136450404,118,2020-08,
668,104208128,96,2020-08,
669,217475193,63,2020-08,PaddleDetection
670,262296122,40,2020-08,PaddleOCR
671,114885555,32,2020-08,
672,164796418,30,2020-08,
673,162672577,25,2020-08,PaddleHub
674,259513732,18,2020-08,
675,228290594,18,2020-08,PaddleSlim
676,246509073,18,2020-08,
677,131044128,17,2020-08,
678,161509700,16,2020-08,
679,173032424,16,2020-08,
680,204380779,13,2020-08,PaddleSeg
681,178685945,13,2020-08,
682,210873203,12,2020-08,
683,251201169,12,2020-08,
684,76616099,8,2020-08,
685,273214029,7,2020-08,PaddleGAN
686,191286408,7,2020-08,
687,259220361,6,2020-08,
688,240226378,4,2020-08,
689,243677660,3,2020-08,
690,196743910,3,2020-08,
691,261698998,2,2020-08,
692,88868842,1,2020-08,models
693,127693333,1,2020-08,
694,203514079,1,2020-08,
695,65711522,558,2020-09,Paddle
696,136450404,183,2020-09,
697,104208128,152,2020-09,
698,173032424,93,2020-09,
699,161509700,86,2020-09,
700,262296122,76,2020-09,PaddleOCR
701,217475193,67,2020-09,PaddleDetection
702,204380779,45,2020-09,PaddleSeg
703,114885555,41,2020-09,
704,88868842,35,2020-09,models
705,76616099,24,2020-09,
706,259513732,23,2020-09,
707,251201169,21,2020-09,
708,228290594,20,2020-09,PaddleSlim
709,246509073,18,2020-09,
710,162672577,13,2020-09,PaddleHub
711,273214029,13,2020-09,PaddleGAN
712,191286408,13,2020-09,
713,178685945,11,2020-09,
714,228297846,11,2020-09,
715,259220361,11,2020-09,
716,210873203,10,2020-09,
717,164796418,10,2020-09,
718,131044128,5,2020-09,
719,127058653,4,2020-09,
720,173544440,4,2020-09,
721,250154445,3,2020-09,
722,289874518,3,2020-09,
723,244790548,1,2020-09,
724,240226378,1,2020-09,
725,203514079,1,2020-09,
726,65711522,381,2020-10,Paddle
727,136450404,84,2020-10,
728,173032424,67,2020-10,
729,104208128,66,2020-10,
730,204380779,59,2020-10,PaddleSeg
731,262296122,56,2020-10,PaddleOCR
732,251201169,47,2020-10,
733,217475193,46,2020-10,PaddleDetection
734,273214029,26,2020-10,PaddleGAN
735,162672577,25,2020-10,PaddleHub
736,161509700,23,2020-10,
737,233520812,15,2020-10,
738,76616099,14,2020-10,
739,88868842,14,2020-10,models
740,127693333,10,2020-10,
741,246509073,10,2020-10,
742,259513732,9,2020-10,
743,228297846,8,2020-10,
744,178685945,6,2020-10,
745,228290594,5,2020-10,PaddleSlim
746,259220361,5,2020-10,
747,296268741,4,2020-10,
748,191286408,3,2020-10,
749,114885555,2,2020-10,
750,131044128,1,2020-10,
751,164796418,1,2020-10,
752,227347371,1,2020-10,
753,240230342,1,2020-10,
754,210873203,1,2020-10,
755,173544440,1,2020-10,
756,65711522,370,2020-11,Paddle
757,104208128,174,2020-11,
758,136450404,112,2020-11,
759,217475193,58,2020-11,PaddleDetection
760,251201169,48,2020-11,
761,262296122,47,2020-11,PaddleOCR
762,173032424,44,2020-11,
763,204380779,40,2020-11,PaddleSeg
764,162672577,25,2020-11,PaddleHub
765,273214029,22,2020-11,PaddleGAN
766,233520812,21,2020-11,
767,246509073,20,2020-11,
768,191286408,17,2020-11,
769,127693333,15,2020-11,
770,88868842,15,2020-11,models
771,164796418,13,2020-11,
772,228290594,12,2020-11,PaddleSlim
773,259220361,11,2020-11,
774,114885555,8,2020-11,
775,131044128,7,2020-11,
776,312259012,7,2020-11,
777,127058653,7,2020-11,
778,161509700,6,2020-11,
779,178685945,5,2020-11,
780,289874518,5,2020-11,
781,261698998,4,2020-11,
782,228297846,3,2020-11,
783,259513732,3,2020-11,
784,210873203,3,2020-11,
785,76616099,3,2020-11,
786,296268741,2,2020-11,
787,276845708,1,2020-11,
788,244790548,1,2020-11,
789,173544440,1,2020-11,
790,65711522,439,2020-12,Paddle
791,104208128,161,2020-12,
792,88868842,142,2020-12,models
793,262296122,120,2020-12,PaddleOCR
794,136450404,120,2020-12,
795,217475193,75,2020-12,PaddleDetection
796,251201169,66,2020-12,
797,204380779,64,2020-12,PaddleSeg
798,314704349,57,2020-12,
799,173032424,56,2020-12,
800,178685945,42,2020-12,
801,162672577,37,2020-12,PaddleHub
802,246509073,37,2020-12,
803,228290594,35,2020-12,PaddleSlim
804,114885555,31,2020-12,
805,243677660,30,2020-12,
806,131044128,28,2020-12,
807,261698998,27,2020-12,
808,321995806,26,2020-12,
809,273214029,24,2020-12,PaddleGAN
810,259513732,20,2020-12,
811,312259012,17,2020-12,
812,164796418,16,2020-12,
813,233520812,14,2020-12,
814,259220361,11,2020-12,
815,250154445,9,2020-12,
816,296268741,9,2020-12,
817,191286408,7,2020-12,
818,76616099,7,2020-12,
819,210873203,6,2020-12,
820,127058653,4,2020-12,
821,127693333,3,2020-12,
822,244790548,3,2020-12,
823,161509700,3,2020-12,
824,319575342,2,2020-12,
825,203514079,2,2020-12,
826,240226378,1,2020-12,
827,173544440,1,2020-12,
828,227880026,1,2020-12,
829,65711522,410,2021-01,Paddle
830,104208128,243,2021-01,
831,136450404,86,2021-01,
832,217475193,65,2021-01,PaddleDetection
833,262296122,60,2021-01,PaddleOCR
834,259513732,58,2021-01,
835,173032424,48,2021-01,
836,228290594,44,2021-01,PaddleSlim
837,312259012,44,2021-01,
838,88868842,36,2021-01,models
839,178685945,35,2021-01,
840,251201169,34,2021-01,
841,161509700,30,2021-01,
842,204380779,29,2021-01,PaddleSeg
843,246509073,27,2021-01,
844,233520812,19,2021-01,
845,250154445,18,2021-01,
846,162672577,16,2021-01,PaddleHub
847,131044128,15,2021-01,
848,273214029,14,2021-01,PaddleGAN
849,114885555,13,2021-01,
850,243677660,12,2021-01,
851,127058653,10,2021-01,
852,164796418,10,2021-01,
853,259220361,9,2021-01,
854,244790548,6,2021-01,
855,191286408,5,2021-01,
856,76616099,3,2021-01,
857,261698998,3,2021-01,
858,314704349,3,2021-01,
859,321995806,2,2021-01,
860,240226378,2,2021-01,
861,173544440,2,2021-01,
862,289874518,2,2021-01,
863,127693333,1,2021-01,
864,65711522,244,2021-02,Paddle
865,104208128,82,2021-02,
866,136450404,76,2021-02,
867,217475193,75,2021-02,PaddleDetection
868,262296122,67,2021-02,PaddleOCR
869,178685945,50,2021-02,
870,228290594,41,2021-02,PaddleSlim
871,273214029,31,2021-02,PaddleGAN
872,336274588,31,2021-02,PaddleNLP
873,173032424,24,2021-02,
874,161509700,23,2021-02,
875,88868842,21,2021-02,models
876,250154445,18,2021-02,
877,259513732,17,2021-02,
878,251201169,17,2021-02,
879,204380779,17,2021-02,PaddleSeg
880,246509073,16,2021-02,
881,312259012,11,2021-02,
882,233520812,11,2021-02,
883,243677660,9,2021-02,
884,114885555,8,2021-02,
885,191286408,8,2021-02,
886,240226378,7,2021-02,
887,261698998,7,2021-02,
888,240230342,5,2021-02,
889,227347371,4,2021-02,
890,127058653,4,2021-02,
891,162672577,4,2021-02,PaddleHub
892,244790548,4,2021-02,
893,110688239,4,2021-02,
894,321995806,3,2021-02,
895,259220361,3,2021-02,
896,164796418,3,2021-02,
897,131044128,3,2021-02,
898,276845708,3,2021-02,
899,173544440,2,2021-02,
900,289874518,2,2021-02,
901,314704349,1,2021-02,
902,76616099,1,2021-02,
903,333611338,1,2021-02,
904,65711522,315,2021-03,Paddle
905,104208128,185,2021-03,
906,336274588,105,2021-03,PaddleNLP
907,136450404,81,2021-03,
908,217475193,76,2021-03,PaddleDetection
909,173032424,42,2021-03,
910,262296122,28,2021-03,PaddleOCR
911,273214029,25,2021-03,PaddleGAN
912,131044128,23,2021-03,
913,204380779,22,2021-03,PaddleSeg
914,162672577,19,2021-03,PaddleHub
915,261698998,19,2021-03,
916,250154445,18,2021-03,
917,191286408,15,2021-03,
918,251201169,14,2021-03,
919,127058653,14,2021-03,
920,178685945,13,2021-03,
921,244790548,11,2021-03,
922,246509073,11,2021-03,
923,233520812,11,2021-03,
924,259513732,10,2021-03,
925,312259012,10,2021-03,
926,110688239,10,2021-03,
927,228290594,6,2021-03,PaddleSlim
928,76616099,6,2021-03,
929,161509700,5,2021-03,
930,259220361,4,2021-03,
931,227347371,3,2021-03,
932,114885555,3,2021-03,
933,321995806,3,2021-03,
934,333611338,2,2021-03,
935,240226378,2,2021-03,
936,314704349,2,2021-03,
937,276845708,2,2021-03,
938,289874518,2,2021-03,
939,164796418,1,2021-03,
940,196743910,1,2021-03,
941,243677660,1,2021-03,
942,65711522,362,2021-04,Paddle
943,217475193,152,2021-04,PaddleDetection
944,104208128,151,2021-04,
945,262296122,102,2021-04,PaddleOCR
946,336274588,70,2021-04,PaddleNLP
947,136450404,64,2021-04,
948,178685945,52,2021-04,
949,173032424,27,2021-04,
950,251201169,27,2021-04,
951,246509073,19,2021-04,
952,204380779,19,2021-04,PaddleSeg
953,250154445,19,2021-04,
954,162672577,15,2021-04,PaddleHub
955,228290594,14,2021-04,PaddleSlim
956,273214029,13,2021-04,PaddleGAN
957,164796418,12,2021-04,
958,259513732,10,2021-04,
959,191286408,10,2021-04,
960,161509700,9,2021-04,
961,261698998,8,2021-04,
962,131044128,7,2021-04,
963,244790548,6,2021-04,
964,114885555,6,2021-04,
965,88868842,4,2021-04,models
966,203514079,4,2021-04,
967,312259012,3,2021-04,
968,196743910,3,2021-04,
969,233520812,3,2021-04,
970,259220361,2,2021-04,
971,127693333,2,2021-04,
972,243677660,2,2021-04,
973,240230342,1,2021-04,
974,210873203,1,2021-04,
975,110688239,1,2021-04,
976,276845708,1,2021-04,
977,76616099,1,2021-04,
978,65711522,218,2021-05,Paddle
979,217475193,116,2021-05,PaddleDetection
980,104208128,106,2021-05,
981,336274588,92,2021-05,PaddleNLP
982,136450404,64,2021-05,
983,246509073,61,2021-05,
984,178685945,55,2021-05,
985,262296122,48,2021-05,PaddleOCR
986,314704349,39,2021-05,
987,251201169,34,2021-05,
988,110688239,31,2021-05,
989,227347371,27,2021-05,
990,173544440,23,2021-05,
991,228290594,22,2021-05,PaddleSlim
992,273214029,19,2021-05,PaddleGAN
993,204380779,15,2021-05,PaddleSeg
994,114885555,15,2021-05,
995,321995806,14,2021-05,
996,259513732,13,2021-05,
997,164796418,13,2021-05,
998,131044128,13,2021-05,
999,312259012,13,2021-05,
1000,233520812,12,2021-05,
1001,173032424,12,2021-05,
1002,261698998,11,2021-05,
1003,127693333,9,2021-05,
1004,250154445,8,2021-05,
1005,191286408,8,2021-05,
1006,240226378,7,2021-05,
1007,161509700,7,2021-05,
1008,244790548,6,2021-05,
1009,162672577,5,2021-05,PaddleHub
1010,88868842,5,2021-05,models
1011,127058653,4,2021-05,
1012,243677660,4,2021-05,
1013,259220361,3,2021-05,
1014,203514079,1,2021-05,
1015,76616099,1,2021-05,
1016,210873203,1,2021-05,
1017,196743910,1,2021-05,
1018,227880026,1,2021-05,
1019,65711522,376,2021-06,Paddle
1020,251201169,181,2021-06,
1021,336274588,124,2021-06,PaddleNLP
1022,104208128,116,2021-06,
1023,217475193,73,2021-06,PaddleDetection
1024,136450404,71,2021-06,
1025,246509073,61,2021-06,
1026,227347371,46,2021-06,
1027,262296122,36,2021-06,PaddleOCR
1028,173032424,30,2021-06,
1029,110688239,26,2021-06,
1030,162672577,25,2021-06,PaddleHub
1031,131044128,23,2021-06,
1032,127693333,19,2021-06,
1033,228290594,18,2021-06,PaddleSlim
1034,204380779,17,2021-06,PaddleSeg
1035,259513732,15,2021-06,
1036,191286408,14,2021-06,
1037,161509700,13,2021-06,
1038,273214029,12,2021-06,PaddleGAN
1039,164796418,12,2021-06,
1040,178685945,12,2021-06,
1041,314704349,12,2021-06,
1042,250154445,9,2021-06,
1043,114885555,8,2021-06,
1044,365999954,8,2021-06,
1045,240226378,7,2021-06,
1046,233520812,7,2021-06,
1047,312259012,6,2021-06,
1048,243677660,5,2021-06,
1049,261698998,5,2021-06,
1050,227880026,5,2021-06,
1051,333611338,4,2021-06,
1052,173544440,4,2021-06,
1053,127058653,3,2021-06,
1054,244790548,3,2021-06,
1055,76616099,3,2021-06,
1056,259220361,2,2021-06,
1057,321995806,2,2021-06,
1058,203514079,2,2021-06,
1059,210873203,2,2021-06,
1060,88868842,1,2021-06,models
1061,65711522,335,2021-07,Paddle
1062,104208128,124,2021-07,
1063,217475193,92,2021-07,PaddleDetection
1064,336274588,64,2021-07,PaddleNLP
1065,246509073,51,2021-07,
1066,136450404,49,2021-07,
1067,251201169,48,2021-07,
1068,227347371,45,2021-07,
1069,204380779,43,2021-07,PaddleSeg
1070,262296122,40,2021-07,PaddleOCR
1071,228290594,30,2021-07,PaddleSlim
1072,383138186,30,2021-07,
1073,127693333,27,2021-07,
1074,110688239,24,2021-07,
1075,210873203,21,2021-07,
1076,131044128,16,2021-07,
1077,250154445,13,2021-07,
1078,273214029,12,2021-07,PaddleGAN
1079,178685945,11,2021-07,
1080,161509700,11,2021-07,
1081,191286408,10,2021-07,
1082,173032424,10,2021-07,
1083,259513732,9,2021-07,
1084,162672577,8,2021-07,PaddleHub
1085,243677660,6,2021-07,
1086,261698998,5,2021-07,
1087,233520812,5,2021-07,
1088,314704349,5,2021-07,
1089,88868842,5,2021-07,models
1090,274012656,5,2021-07,
1091,312259012,4,2021-07,
1092,333611338,4,2021-07,
1093,164796418,4,2021-07,
1094,244790548,3,2021-07,
1095,127058653,3,2021-07,
1096,259220361,2,2021-07,
1097,276845708,2,2021-07,
1098,65711522,305,2021-08,Paddle
1099,104208128,109,2021-08,
1100,383138186,72,2021-08,
1101,217475193,66,2021-08,PaddleDetection
1102,262296122,54,2021-08,PaddleOCR
1103,336274588,51,2021-08,PaddleNLP
1104,110688239,43,2021-08,
1105,204380779,38,2021-08,PaddleSeg
1106,251201169,35,2021-08,
1107,246509073,26,2021-08,
1108,136450404,26,2021-08,
1109,178685945,24,2021-08,
1110,227347371,22,2021-08,
1111,259513732,20,2021-08,
1112,243677660,18,2021-08,
1113,273214029,15,2021-08,PaddleGAN
1114,173032424,13,2021-08,
1115,191286408,9,2021-08,
1116,127693333,9,2021-08,
1117,228290594,9,2021-08,PaddleSlim
1118,233520812,9,2021-08,
1119,244790548,8,2021-08,
1120,127058653,8,2021-08,
1121,162672577,8,2021-08,PaddleHub
1122,240230342,7,2021-08,
1123,250154445,7,2021-08,
1124,333611338,6,2021-08,
1125,365999954,6,2021-08,
1126,210873203,6,2021-08,
1127,261698998,5,2021-08,
1128,164796418,5,2021-08,
1129,312259012,4,2021-08,
1130,259220361,4,2021-08,
1131,114885555,3,2021-08,
1132,161509700,2,2021-08,
1133,203514079,2,2021-08,
1134,131044128,2,2021-08,
1135,88868842,2,2021-08,models
1136,314704349,1,2021-08,
1137,240226378,1,2021-08,
1138,65711522,518,2021-09,Paddle
1139,104208128,227,2021-09,
1140,336274588,89,2021-09,PaddleNLP
1141,136450404,83,2021-09,
1142,262296122,76,2021-09,PaddleOCR
1143,110688239,56,2021-09,
1144,251201169,50,2021-09,
1145,383138186,50,2021-09,
1146,204380779,40,2021-09,PaddleSeg
1147,217475193,38,2021-09,PaddleDetection
1148,243677660,31,2021-09,
1149,246509073,30,2021-09,
1150,227347371,28,2021-09,
1151,259513732,24,2021-09,
1152,173032424,20,2021-09,
1153,162672577,18,2021-09,PaddleHub
1154,233520812,16,2021-09,
1155,178685945,14,2021-09,
1156,127058653,13,2021-09,
1157,250154445,11,2021-09,
1158,228290594,11,2021-09,PaddleSlim
1159,273214029,10,2021-09,PaddleGAN
1160,312259012,5,2021-09,
1161,333611338,4,2021-09,
1162,161509700,3,2021-09,
1163,164796418,3,2021-09,
1164,114885555,3,2021-09,
1165,88868842,2,2021-09,models
1166,131044128,2,2021-09,
1167,259220361,2,2021-09,
1168,196743910,2,2021-09,
1169,365999954,2,2021-09,
1170,261698998,2,2021-09,
1171,244790548,2,2021-09,
1172,227880026,1,2021-09,
1173,314704349,1,2021-09,
1174,210873203,1,2021-09,
1175,319575342,1,2021-09,
1176,127693333,1,2021-09,
1177,383138186,13,2021-10,
1178,233520812,11,2021-10,
1179,251201169,8,2021-10,
1180,173032424,3,2021-10,
1181,336274588,3,2021-10,PaddleNLP
1182,65711522,2,2021-10,Paddle
1183,104208128,2,2021-10,
1184,227880026,2,2021-10,
1185,217475193,1,2021-10,PaddleDetection
1186,259513732,1,2021-10,
1187,276845708,1,2021-10,
1188,204380779,1,2021-10,PaddleSeg
1189,261698998,1,2021-10,
1190,262296122,1,2021-10,PaddleOCR
1191,250154445,1,2021-10,
1192,127058653,1,2021-10,
1193,164796418,1,2021-10,
1194,65711522,443,2021-11,Paddle
1195,104208128,186,2021-11,
1196,217475193,174,2021-11,PaddleDetection
1197,383138186,95,2021-11,
1198,110688239,87,2021-11,
1199,251201169,84,2021-11,
1200,262296122,84,2021-11,PaddleOCR
1201,136450404,83,2021-11,
1202,336274588,76,2021-11,PaddleNLP
1203,178685945,55,2021-11,
1204,233520812,53,2021-11,
1205,173032424,41,2021-11,
1206,204380779,37,2021-11,PaddleSeg
1207,259513732,26,2021-11,
1208,273214029,24,2021-11,PaddleGAN
1209,333611338,22,2021-11,
1210,88868842,22,2021-11,models
1211,227347371,16,2021-11,
1212,244790548,14,2021-11,
1213,191286408,13,2021-11,
1214,161509700,13,2021-11,
1215,312259012,11,2021-11,
1216,162672577,11,2021-11,PaddleHub
1217,246509073,11,2021-11,
1218,228290594,10,2021-11,PaddleSlim
1219,427252454,9,2021-11,
1220,250154445,8,2021-11,
1221,261698998,7,2021-11,
1222,127058653,7,2021-11,
1223,203514079,7,2021-11,
1224,210873203,6,2021-11,
1225,131044128,6,2021-11,
1226,164796418,5,2021-11,
1227,264782838,5,2021-11,
1228,114885555,4,2021-11,
1229,227880026,3,2021-11,
1230,127693333,3,2021-11,
1231,403829741,3,2021-11,
1232,259220361,3,2021-11,
1233,276845708,2,2021-11,
1234,173544440,1,2021-11,
1235,314704349,1,2021-11,
1236,240226378,1,2021-11,
1237,65711522,535,2021-12,Paddle
1238,104208128,234,2021-12,
1239,383138186,135,2021-12,
1240,110688239,134,2021-12,
1241,336274588,122,2021-12,PaddleNLP
1242,262296122,99,2021-12,PaddleOCR
1243,173032424,65,2021-12,
1244,217475193,61,2021-12,PaddleDetection
1245,251201169,61,2021-12,
1246,88868842,45,2021-12,models
1247,136450404,44,2021-12,
1248,233520812,43,2021-12,
1249,204380779,35,2021-12,PaddleSeg
1250,178685945,31,2021-12,
1251,259513732,27,2021-12,
1252,244790548,24,2021-12,
1253,127058653,22,2021-12,
1254,312259012,22,2021-12,
1255,273214029,21,2021-12,PaddleGAN
1256,427252454,21,2021-12,
1257,246509073,21,2021-12,
1258,162672577,15,2021-12,PaddleHub
1259,261698998,13,2021-12,
1260,228290594,12,2021-12,PaddleSlim
1261,250154445,12,2021-12,
1262,191286408,12,2021-12,
1263,333611338,11,2021-12,
1264,164796418,10,2021-12,
1265,426046572,8,2021-12,
1266,227347371,6,2021-12,
1267,403829741,5,2021-12,
1268,210873203,5,2021-12,
1269,131044128,5,2021-12,
1270,203514079,4,2021-12,
1271,161509700,3,2021-12,
1272,321995806,3,2021-12,
1273,173544440,3,2021-12,
1274,240226378,2,2021-12,
1275,276845708,2,2021-12,
1276,314704349,1,2021-12,
1277,365999954,1,2021-12,
1278,127693333,1,2021-12,
1279,274012656,1,2021-12,
1280,436903861,1,2021-12,
1281,264782838,1,2021-12,
1282,114885555,1,2021-12,
1283,259220361,1,2021-12,
1284,65711522,406,2022-01,Paddle
1285,104208128,169,2022-01,
1286,383138186,96,2022-01,
1287,110688239,80,2022-01,
1288,262296122,58,2022-01,PaddleOCR
1289,336274588,49,2022-01,PaddleNLP
1290,251201169,38,2022-01,
1291,204380779,34,2022-01,PaddleSeg
1292,173032424,33,2022-01,
1293,136450404,31,2022-01,
1294,127058653,30,2022-01,
1295,312259012,28,2022-01,
1296,178685945,27,2022-01,
1297,217475193,26,2022-01,PaddleDetection
1298,250154445,21,2022-01,
1299,259513732,19,2022-01,
1300,88868842,11,2022-01,models
1301,427252454,10,2022-01,
1302,333611338,10,2022-01,
1303,164796418,10,2022-01,
1304,273214029,9,2022-01,PaddleGAN
1305,203514079,8,2022-01,
1306,314704349,6,2022-01,
1307,228290594,6,2022-01,PaddleSlim
1308,244790548,6,2022-01,
1309,246509073,5,2022-01,
1310,131044128,4,2022-01,
1311,259220361,4,2022-01,
1312,227347371,4,2022-01,
1313,261698998,4,2022-01,
1314,321995806,4,2022-01,
1315,162672577,4,2022-01,PaddleHub
1316,161509700,3,2022-01,
1317,436903861,3,2022-01,
1318,227880026,3,2022-01,
1319,65711522,392,2022-02,Paddle
1320,104208128,104,2022-02,
1321,383138186,53,2022-02,
1322,262296122,52,2022-02,PaddleOCR
1323,110688239,45,2022-02,
1324,127058653,43,2022-02,
1325,173032424,40,2022-02,
1326,178685945,36,2022-02,
1327,136450404,29,2022-02,
1328,250154445,25,2022-02,
1329,251201169,22,2022-02,
1330,227347371,21,2022-02,
1331,336274588,20,2022-02,PaddleNLP
1332,217475193,15,2022-02,PaddleDetection
1333,204380779,14,2022-02,PaddleSeg
1334,244790548,9,2022-02,
1335,333611338,9,2022-02,
1336,312259012,8,2022-02,
1337,427252454,6,2022-02,
1338,426046572,6,2022-02,
1339,88868842,6,2022-02,models
1340,233520812,5,2022-02,
1341,276845708,5,2022-02,
1342,228290594,5,2022-02,PaddleSlim
1343,273214029,4,2022-02,PaddleGAN
1344,259513732,4,2022-02,
1345,314704349,3,2022-02,
1346,162672577,3,2022-02,PaddleHub
1347,131044128,2,2022-02,
1348,261698998,2,2022-02,
1349,365999954,2,2022-02,
1350,423716718,2,2022-02,
1351,161509700,2,2022-02,
1352,240226378,2,2022-02,
1353,210873203,2,2022-02,
1354,203514079,1,2022-02,
1355,227880026,1,2022-02,
1356,296268741,1,2022-02,
1357,321995806,1,2022-02,
1358,89484677,1,2022-02,
1359,65711522,713,2022-03,Paddle
1360,104208128,148,2022-03,
1361,217475193,109,2022-03,PaddleDetection
1362,383138186,100,2022-03,
1363,173032424,98,2022-03,
1364,336274588,88,2022-03,PaddleNLP
1365,110688239,75,2022-03,
1366,136450404,72,2022-03,
1367,262296122,51,2022-03,PaddleOCR
1368,251201169,50,2022-03,
1369,127058653,42,2022-03,
1370,296268741,38,2022-03,
1371,233520812,36,2022-03,
1372,204380779,30,2022-03,PaddleSeg
1373,436903861,30,2022-03,
1374,178685945,28,2022-03,
1375,250154445,27,2022-03,
1376,227347371,24,2022-03,
1377,244790548,24,2022-03,
1378,162672577,24,2022-03,PaddleHub
1379,259513732,16,2022-03,
1380,89484677,15,2022-03,
1381,88868842,15,2022-03,models
1382,203514079,14,2022-03,
1383,312259012,14,2022-03,
1384,427252454,10,2022-03,
1385,228290594,9,2022-03,PaddleSlim
1386,426046572,8,2022-03,
1387,164796418,7,2022-03,
1388,273214029,6,2022-03,PaddleGAN
1389,240226378,5,2022-03,
1390,191286408,4,2022-03,
1391,131044128,4,2022-03,
1392,261698998,3,2022-03,
1393,321995806,3,2022-03,
1394,259220361,3,2022-03,
1395,475341715,3,2022-03,
1396,246509073,2,2022-03,
1397,365999954,2,2022-03,
1398,314704349,1,2022-03,
1399,173544440,1,2022-03,
1400,227880026,1,2022-03,
1401,274012656,1,2022-03,
1402,403829741,1,2022-03,
1403,276845708,1,2022-03,
1404,333611338,1,2022-03,
1405,210873203,1,2022-03,
1406,385199026,1,2022-03,
1407,161509700,1,2022-03,
1408,65711522,761,2022-04,Paddle
1409,217475193,130,2022-04,PaddleDetection
1410,110688239,126,2022-04,
1411,104208128,124,2022-04,
1412,436903861,112,2022-04,
1413,383138186,105,2022-04,
1414,262296122,72,2022-04,PaddleOCR
1415,336274588,71,2022-04,PaddleNLP
1416,136450404,62,2022-04,
1417,204380779,54,2022-04,PaddleSeg
1418,127058653,41,2022-04,
1419,296268741,39,2022-04,
1420,251201169,37,2022-04,
1421,233520812,27,2022-04,
1422,228290594,23,2022-04,PaddleSlim
1423,244790548,22,2022-04,
1424,173032424,19,2022-04,
1425,191286408,19,2022-04,
1426,203514079,16,2022-04,
1427,89484677,12,2022-04,
1428,88868842,11,2022-04,models
1429,261698998,11,2022-04,
1430,475341715,10,2022-04,
1431,427252454,9,2022-04,
1432,162672577,8,2022-04,PaddleHub
1433,259513732,7,2022-04,
1434,178685945,7,2022-04,
1435,312259012,6,2022-04,
1436,314704349,6,2022-04,
1437,131044128,5,2022-04,
1438,164796418,4,2022-04,
1439,196743910,3,2022-04,
1440,276845708,3,2022-04,
1441,250154445,2,2022-04,
1442,259220361,2,2022-04,
1443,273214029,2,2022-04,PaddleGAN
1444,114885555,1,2022-04,
1445,385199026,1,2022-04,
1446,227347371,1,2022-04,
1447,65711522,350,2022-05,Paddle
1448,336274588,146,2022-05,PaddleNLP
1449,262296122,106,2022-05,PaddleOCR
1450,383138186,104,2022-05,
1451,110688239,101,2022-05,
1452,436903861,85,2022-05,
1453,217475193,60,2022-05,PaddleDetection
1454,136450404,57,2022-05,
1455,104208128,46,2022-05,
1456,228290594,43,2022-05,PaddleSlim
1457,251201169,41,2022-05,
1458,233520812,37,2022-05,
1459,204380779,25,2022-05,PaddleSeg
1460,178685945,23,2022-05,
1461,127058653,23,2022-05,
1462,244790548,21,2022-05,
1463,203514079,19,2022-05,
1464,88868842,19,2022-05,models
1465,296268741,18,2022-05,
1466,173544440,18,2022-05,
1467,261698998,17,2022-05,
1468,426046572,16,2022-05,
1469,259513732,15,2022-05,
1470,89484677,14,2022-05,
1471,423716718,13,2022-05,
1472,131044128,12,2022-05,
1473,475341715,12,2022-05,
1474,164796418,12,2022-05,
1475,173032424,11,2022-05,
1476,427252454,10,2022-05,
1477,273214029,9,2022-05,PaddleGAN
1478,469388758,7,2022-05,
1479,246509073,6,2022-05,
1480,312259012,6,2022-05,
1481,314704349,5,2022-05,
1482,191286408,5,2022-05,
1483,259220361,3,2022-05,
1484,162672577,3,2022-05,PaddleHub
1485,250154445,2,2022-05,
1486,333611338,2,2022-05,
1487,240226378,2,2022-05,
1488,403829741,2,2022-05,
1489,161509700,1,2022-05,
1490,365999954,1,2022-05,
1491,385199026,1,2022-05,
1492,276845708,1,2022-05,
1493,65711522,455,2022-06,Paddle
1494,383138186,114,2022-06,
1495,336274588,106,2022-06,PaddleNLP
1496,251201169,105,2022-06,
1497,436903861,90,2022-06,
1498,217475193,83,2022-06,PaddleDetection
1499,104208128,58,2022-06,
1500,110688239,57,2022-06,
1501,262296122,57,2022-06,PaddleOCR
1502,136450404,55,2022-06,
1503,228290594,49,2022-06,PaddleSlim
1504,204380779,36,2022-06,PaddleSeg
1505,261698998,33,2022-06,
1506,127058653,17,2022-06,
1507,475341715,15,2022-06,
1508,296268741,15,2022-06,
1509,312259012,15,2022-06,
1510,426046572,15,2022-06,
1511,259513732,14,2022-06,
1512,233520812,13,2022-06,
1513,427252454,9,2022-06,
1514,164796418,8,2022-06,
1515,173032424,8,2022-06,
1516,321995806,8,2022-06,
1517,114885555,7,2022-06,
1518,244790548,6,2022-06,
1519,196743910,5,2022-06,
1520,469388758,5,2022-06,
1521,131044128,5,2022-06,
1522,161509700,4,2022-06,
1523,173544440,3,2022-06,
1524,333611338,3,2022-06,
1525,250154445,3,2022-06,
1526,276845708,2,2022-06,
1527,507861208,2,2022-06,FastDeploy
1528,259220361,2,2022-06,
1529,88868842,2,2022-06,models
1530,246509073,2,2022-06,
1531,178685945,2,2022-06,
1532,273214029,2,2022-06,PaddleGAN
1533,423716718,2,2022-06,
1534,385199026,1,2022-06,
1535,314704349,1,2022-06,
1536,203514079,1,2022-06,
1537,162672577,1,2022-06,PaddleHub
1538,89484677,1,2022-06,
1539,274012656,1,2022-06,
1540,191286408,1,2022-06,
1541,65711522,383,2022-07,Paddle
1542,436903861,97,2022-07,
1543,217475193,74,2022-07,PaddleDetection
1544,383138186,67,2022-07,
1545,228290594,65,2022-07,PaddleSlim
1546,336274588,63,2022-07,PaddleNLP
1547,493152580,59,2022-07,
1548,110688239,41,2022-07,
1549,507861208,40,2022-07,FastDeploy
1550,262296122,40,2022-07,PaddleOCR
1551,104208128,39,2022-07,
1552,426046572,35,2022-07,
1553,204380779,33,2022-07,PaddleSeg
1554,136450404,29,2022-07,
1555,251201169,23,2022-07,
1556,127058653,20,2022-07,
1557,233520812,19,2022-07,
1558,296268741,18,2022-07,
1559,475341715,11,2022-07,
1560,261698998,10,2022-07,
1561,164796418,9,2022-07,
1562,161509700,8,2022-07,
1563,513813137,7,2022-07,
1564,259513732,7,2022-07,
1565,312259012,7,2022-07,
1566,469388758,6,2022-07,
1567,162672577,5,2022-07,PaddleHub
1568,427252454,5,2022-07,
1569,314704349,3,2022-07,
1570,173032424,3,2022-07,
1571,246509073,3,2022-07,
1572,423716718,3,2022-07,
1573,259220361,2,2022-07,
1574,114885555,2,2022-07,
1575,274012656,2,2022-07,
1576,131044128,2,2022-07,
1577,191286408,2,2022-07,
1578,276845708,2,2022-07,
1579,273214029,2,2022-07,PaddleGAN
1580,227880026,1,2022-07,
1581,333611338,1,2022-07,
1582,250154445,1,2022-07,
1583,89484677,1,2022-07,
1584,385199026,1,2022-07,
1585,65711522,536,2022-08,Paddle
1586,217475193,118,2022-08,PaddleDetection
1587,336274588,109,2022-08,PaddleNLP
1588,262296122,108,2022-08,PaddleOCR
1589,383138186,105,2022-08,
1590,507861208,98,2022-08,FastDeploy
1591,136450404,85,2022-08,
1592,436903861,76,2022-08,
1593,110688239,56,2022-08,
1594,161509700,52,2022-08,
1595,228290594,52,2022-08,PaddleSlim
1596,296268741,42,2022-08,
1597,204380779,35,2022-08,PaddleSeg
1598,104208128,33,2022-08,
1599,513813137,28,2022-08,
1600,233520812,27,2022-08,
1601,426046572,25,2022-08,
1602,251201169,25,2022-08,
1603,515526146,24,2022-08,
1604,127058653,22,2022-08,
1605,173032424,19,2022-08,
1606,475341715,16,2022-08,
1607,312259012,15,2022-08,
1608,162672577,12,2022-08,PaddleHub
1609,164796418,12,2022-08,
1610,469388758,11,2022-08,
1611,261698998,7,2022-08,
1612,427252454,7,2022-08,
1613,131044128,7,2022-08,
1614,273214029,6,2022-08,PaddleGAN
1615,191286408,6,2022-08,
1616,493152580,6,2022-08,
1617,114885555,5,2022-08,
1618,314704349,4,2022-08,
1619,227880026,3,2022-08,
1620,274012656,3,2022-08,
1621,203514079,1,2022-08,
1622,173544440,1,2022-08,
1623,244790548,1,2022-08,
1624,259513732,1,2022-08,
1625,65711522,633,2022-09,Paddle
1626,336274588,118,2022-09,PaddleNLP
1627,161509700,111,2022-09,
1628,436903861,102,2022-09,
1629,507861208,85,2022-09,FastDeploy
1630,251201169,80,2022-09,
1631,217475193,75,2022-09,PaddleDetection
1632,383138186,67,2022-09,
1633,104208128,63,2022-09,
1634,262296122,60,2022-09,PaddleOCR
1635,233520812,51,2022-09,
1636,110688239,49,2022-09,
1637,136450404,48,2022-09,
1638,475341715,47,2022-09,
1639,162672577,41,2022-09,PaddleHub
1640,204380779,38,2022-09,PaddleSeg
1641,493152580,34,2022-09,
1642,296268741,29,2022-09,
1643,228290594,19,2022-09,PaddleSlim
1644,173032424,19,2022-09,
1645,127058653,18,2022-09,
1646,515526146,17,2022-09,
1647,513813137,12,2022-09,
1648,259513732,11,2022-09,
1649,312259012,8,2022-09,
1650,227880026,7,2022-09,
1651,261698998,7,2022-09,
1652,244790548,6,2022-09,
1653,273214029,6,2022-09,PaddleGAN
1654,427252454,5,2022-09,
1655,191286408,5,2022-09,
1656,426046572,5,2022-09,
1657,114885555,4,2022-09,
1658,469388758,4,2022-09,
1659,513505410,2,2022-09,
1660,164796418,2,2022-09,
1661,250154445,2,2022-09,
1662,88868842,1,2022-09,models
1663,246509073,1,2022-09,
1664,365999954,1,2022-09,
1665,314704349,1,2022-09,
1666,203514079,1,2022-09,
1667,65711522,485,2022-10,Paddle
1668,507861208,97,2022-10,FastDeploy
1669,336274588,81,2022-10,PaddleNLP
1670,262296122,68,2022-10,PaddleOCR
1671,436903861,67,2022-10,
1672,383138186,59,2022-10,
1673,136450404,47,2022-10,
1674,104208128,38,2022-10,
1675,251201169,38,2022-10,
1676,217475193,35,2022-10,PaddleDetection
1677,233520812,33,2022-10,
1678,161509700,32,2022-10,
1679,296268741,30,2022-10,
1680,204380779,26,2022-10,PaddleSeg
1681,228290594,25,2022-10,PaddleSlim
1682,493152580,25,2022-10,
1683,162672577,24,2022-10,PaddleHub
1684,110688239,24,2022-10,
1685,427252454,20,2022-10,
1686,173032424,12,2022-10,
1687,273214029,9,2022-10,PaddleGAN
1688,227880026,9,2022-10,
1689,475341715,8,2022-10,
1690,127058653,5,2022-10,
1691,515526146,4,2022-10,
1692,259513732,4,2022-10,
1693,261698998,4,2022-10,
1694,276845708,4,2022-10,
1695,312259012,4,2022-10,
1696,426046572,3,2022-10,
1697,513813137,3,2022-10,
1698,314704349,3,2022-10,
1699,469388758,3,2022-10,
1700,333611338,2,2022-10,
1701,244790548,2,2022-10,
1702,131044128,2,2022-10,
1703,513505410,2,2022-10,
1704,240226378,1,2022-10,
1705,164796418,1,2022-10,
1706,88868842,1,2022-10,models
1707,191286408,1,2022-10,
1708,65711522,576,2022-11,Paddle
1709,507861208,196,2022-11,FastDeploy
1710,336274588,119,2022-11,PaddleNLP
1711,383138186,92,2022-11,
1712,104208128,86,2022-11,
1713,88868842,85,2022-11,models
1714,161509700,85,2022-11,
1715,436903861,77,2022-11,
1716,475341715,62,2022-11,
1717,493152580,58,2022-11,
1718,162672577,55,2022-11,PaddleHub
1719,233520812,47,2022-11,
1720,136450404,45,2022-11,
1721,228290594,39,2022-11,PaddleSlim
1722,251201169,39,2022-11,
1723,110688239,37,2022-11,
1724,217475193,37,2022-11,PaddleDetection
1725,204380779,29,2022-11,PaddleSeg
1726,262296122,24,2022-11,PaddleOCR
1727,296268741,18,2022-11,
1728,131044128,17,2022-11,
1729,566306389,17,2022-11,
1730,261698998,17,2022-11,
1731,562479767,13,2022-11,
1732,227880026,11,2022-11,
1733,127058653,11,2022-11,
1734,114885555,11,2022-11,
1735,173032424,11,2022-11,
1736,566237024,9,2022-11,
1737,520095016,8,2022-11,
1738,513813137,7,2022-11,
1739,273214029,6,2022-11,PaddleGAN
1740,515526146,6,2022-11,
1741,191286408,5,2022-11,
1742,426046572,5,2022-11,
1743,314704349,4,2022-11,
1744,427252454,3,2022-11,
1745,259513732,3,2022-11,
1746,403829741,2,2022-11,
1747,312259012,2,2022-11,
1748,244790548,2,2022-11,
1749,210873203,2,2022-11,
1750,164796418,2,2022-11,
1751,513505410,2,2022-11,
1752,173544440,1,2022-11,
1753,276845708,1,2022-11,
1754,240226378,1,2022-11,
1755,321995806,1,2022-11,
1756,65711522,497,2022-12,Paddle
1757,336274588,151,2022-12,PaddleNLP
1758,507861208,130,2022-12,FastDeploy
1759,383138186,93,2022-12,
1760,104208128,57,2022-12,
1761,562479767,54,2022-12,
1762,475341715,52,2022-12,
1763,136450404,50,2022-12,
1764,217475193,42,2022-12,PaddleDetection
1765,204380779,37,2022-12,PaddleSeg
1766,513813137,31,2022-12,
1767,493152580,31,2022-12,
1768,233520812,30,2022-12,
1769,110688239,28,2022-12,
1770,436903861,26,2022-12,
1771,228290594,26,2022-12,PaddleSlim
1772,162672577,23,2022-12,PaddleHub
1773,161509700,21,2022-12,
1774,262296122,20,2022-12,PaddleOCR
1775,227880026,17,2022-12,
1776,251201169,17,2022-12,
1777,261698998,10,2022-12,
1778,114885555,10,2022-12,
1779,191286408,9,2022-12,
1780,173032424,9,2022-12,
1781,296268741,7,2022-12,
1782,312259012,6,2022-12,
1783,566237024,4,2022-12,
1784,244790548,4,2022-12,
1785,566306389,4,2022-12,
1786,164796418,4,2022-12,
1787,321995806,3,2022-12,
1788,365999954,3,2022-12,
1789,426046572,3,2022-12,
1790,259513732,3,2022-12,
1791,513505410,2,2022-12,
1792,427252454,2,2022-12,
1793,276845708,2,2022-12,
1794,515526146,2,2022-12,
1795,469388758,2,2022-12,
1796,583199561,2,2022-12,
1797,196743910,1,2022-12,
1798,203514079,1,2022-12,
1799,274012656,1,2022-12,
1800,131044128,1,2022-12,
1801,580415405,1,2022-12,
1802,127058653,1,2022-12,
1803,65711522,364,2023-01,Paddle
1804,336274588,147,2023-01,PaddleNLP
1805,507861208,91,2023-01,FastDeploy
1806,383138186,54,2023-01,
1807,475341715,43,2023-01,
1808,104208128,37,2023-01,
1809,217475193,31,2023-01,PaddleDetection
1810,136450404,30,2023-01,
1811,233520812,26,2023-01,
1812,262296122,23,2023-01,PaddleOCR
1813,583199561,21,2023-01,
1814,513813137,20,2023-01,
1815,251201169,19,2023-01,
1816,110688239,18,2023-01,
1817,227880026,15,2023-01,
1818,88868842,15,2023-01,models
1819,228290594,14,2023-01,PaddleSlim
1820,204380779,14,2023-01,PaddleSeg
1821,562479767,11,2023-01,
1822,114885555,11,2023-01,
1823,161509700,11,2023-01,
1824,436903861,10,2023-01,
1825,173032424,9,2023-01,
1826,513505410,8,2023-01,
1827,493152580,7,2023-01,
1828,127058653,6,2023-01,
1829,321995806,4,2023-01,
1830,566237024,3,2023-01,
1831,261698998,3,2023-01,
1832,296268741,3,2023-01,
1833,365999954,3,2023-01,
1834,273214029,1,2023-01,PaddleGAN
1835,164796418,1,2023-01,
1836,240226378,1,2023-01,
1837,469388758,1,2023-01,
1838,210873203,1,2023-01,
1839,264782838,1,2023-01,
1840,131044128,1,2023-01,
1841,314704349,1,2023-01,
1842,196743910,1,2023-01,
1843,191286408,1,2023-01,
1844,423716718,1,2023-01,
1845,312259012,1,2023-01,
1846,274012656,1,2023-01,
1847,65711522,485,2023-02,Paddle
1848,336274588,162,2023-02,PaddleNLP
1849,507861208,127,2023-02,FastDeploy
1850,383138186,95,2023-02,
1851,217475193,80,2023-02,PaddleDetection
1852,233520812,46,2023-02,
1853,136450404,42,2023-02,
1854,110688239,38,2023-02,
1855,104208128,35,2023-02,
1856,475341715,35,2023-02,
1857,436903861,23,2023-02,
1858,296268741,20,2023-02,
1859,262296122,20,2023-02,PaddleOCR
1860,204380779,19,2023-02,PaddleSeg
1861,251201169,19,2023-02,
1862,562479767,14,2023-02,
1863,228290594,14,2023-02,PaddleSlim
1864,161509700,13,2023-02,
1865,173032424,11,2023-02,
1866,131044128,11,2023-02,
1867,88868842,10,2023-02,models
1868,227880026,10,2023-02,
1869,114885555,10,2023-02,
1870,273214029,9,2023-02,PaddleGAN
1871,513813137,8,2023-02,
1872,515526146,6,2023-02,
1873,426046572,6,2023-02,
1874,210873203,6,2023-02,
1875,127058653,5,2023-02,
1876,583199561,5,2023-02,
1877,312259012,4,2023-02,
1878,259513732,3,2023-02,
1879,191286408,3,2023-02,
1880,513505410,3,2023-02,
1881,596560396,2,2023-02,
1882,261698998,2,2023-02,
1883,520095016,1,2023-02,
1884,274012656,1,2023-02,
1885,365999954,1,2023-02,
1886,314704349,1,2023-02,
1887,164796418,1,2023-02,
1888,162672577,1,2023-02,PaddleHub
1889,65711522,724,2023-03,Paddle
1890,336274588,192,2023-03,PaddleNLP
1891,383138186,92,2023-03,
1892,507861208,91,2023-03,FastDeploy
1893,296268741,73,2023-03,
1894,233520812,69,2023-03,
1895,136450404,59,2023-03,
1896,173032424,55,2023-03,
1897,110688239,49,2023-03,
1898,104208128,47,2023-03,
1899,436903861,47,2023-03,
1900,204380779,40,2023-03,PaddleSeg
1901,562479767,40,2023-03,
1902,475341715,35,2023-03,
1903,217475193,34,2023-03,PaddleDetection
1904,251201169,32,2023-03,
1905,583199561,20,2023-03,
1906,262296122,17,2023-03,PaddleOCR
1907,259513732,17,2023-03,
1908,161509700,17,2023-03,
1909,608649692,16,2023-03,
1910,228290594,14,2023-03,PaddleSlim
1911,131044128,13,2023-03,
1912,566237024,11,2023-03,
1913,515526146,9,2023-03,
1914,426046572,8,2023-03,
1915,227880026,8,2023-03,
1916,127058653,8,2023-03,
1917,513505410,7,2023-03,
1918,261698998,6,2023-03,
1919,513813137,6,2023-03,
1920,114885555,4,2023-03,
1921,312259012,4,2023-03,
1922,191286408,3,2023-03,
1923,365999954,2,2023-03,
1924,273214029,2,2023-03,PaddleGAN
1925,164796418,2,2023-03,
1926,274012656,2,2023-03,
1927,88868842,1,2023-03,models
1928,244790548,1,2023-03,
1929,203514079,1,2023-03,
1930,210873203,1,2023-03,
1931,333611338,1,2023-03,
1932,173544440,1,2023-03,
1933,65711522,595,2023-04,Paddle
1934,336274588,123,2023-04,PaddleNLP
1935,383138186,70,2023-04,
1936,475341715,49,2023-04,
1937,233520812,44,2023-04,
1938,204380779,42,2023-04,PaddleSeg
1939,136450404,41,2023-04,
1940,426046572,30,2023-04,
1941,110688239,29,2023-04,
1942,104208128,29,2023-04,
1943,507861208,29,2023-04,FastDeploy
1944,296268741,21,2023-04,
1945,436903861,20,2023-04,
1946,217475193,15,2023-04,PaddleDetection
1947,262296122,15,2023-04,PaddleOCR
1948,513813137,13,2023-04,
1949,251201169,12,2023-04,
1950,333611338,11,2023-04,
1951,259513732,9,2023-04,
1952,562479767,9,2023-04,
1953,608649692,8,2023-04,
1954,127058653,6,2023-04,
1955,161509700,6,2023-04,
1956,228290594,6,2023-04,PaddleSlim
1957,515526146,4,2023-04,
1958,162672577,4,2023-04,PaddleHub
1959,261698998,4,2023-04,
1960,191286408,4,2023-04,
1961,273214029,3,2023-04,PaddleGAN
1962,427252454,3,2023-04,
1963,583199561,3,2023-04,
1964,173032424,3,2023-04,
1965,274012656,2,2023-04,
1966,131044128,2,2023-04,
1967,365999954,2,2023-04,
1968,596560396,1,2023-04,
1969,164796418,1,2023-04,
1970,513505410,1,2023-04,
1971,566237024,1,2023-04,
1972,312259012,1,2023-04,
1973,227880026,1,2023-04,
1974,244790548,1,2023-04,
1975,114885555,1,2023-04,
1976,65711522,457,2023-05,Paddle
1977,336274588,97,2023-05,PaddleNLP
1978,233520812,77,2023-05,
1979,383138186,71,2023-05,
1980,426046572,63,2023-05,
1981,136450404,45,2023-05,
1982,475341715,40,2023-05,
1983,507861208,32,2023-05,FastDeploy
1984,436903861,25,2023-05,
1985,217475193,24,2023-05,PaddleDetection
1986,104208128,23,2023-05,
1987,608649692,19,2023-05,
1988,296268741,17,2023-05,
1989,513813137,12,2023-05,
1990,173032424,12,2023-05,
1991,204380779,10,2023-05,PaddleSeg
1992,513505410,9,2023-05,
1993,251201169,9,2023-05,
1994,262296122,9,2023-05,PaddleOCR
1995,333611338,7,2023-05,
1996,228290594,7,2023-05,PaddleSlim
1997,583199561,7,2023-05,
1998,261698998,7,2023-05,
1999,259513732,7,2023-05,
2000,110688239,6,2023-05,
2001,515526146,5,2023-05,
2002,566237024,5,2023-05,
2003,596560396,2,2023-05,
2004,493152580,2,2023-05,
2005,161509700,2,2023-05,
2006,131044128,2,2023-05,
2007,114885555,2,2023-05,
2008,127058653,1,2023-05,
2009,427252454,1,2023-05,
2010,244790548,1,2023-05,
2011,191286408,1,2023-05,
2012,312259012,1,2023-05,
2013,314704349,1,2023-05,
2014,164796418,1,2023-05,
2015,562479767,1,2023-05,
2016,65711522,432,2023-06,Paddle
2017,336274588,76,2023-06,PaddleNLP
2018,622926337,60,2023-06,
2019,383138186,57,2023-06,
2020,233520812,46,2023-06,
2021,608649692,46,2023-06,
2022,475341715,44,2023-06,
2023,136450404,36,2023-06,
2024,426046572,34,2023-06,
2025,507861208,25,2023-06,FastDeploy
2026,217475193,19,2023-06,PaddleDetection
2027,173032424,18,2023-06,
2028,436903861,16,2023-06,
2029,204380779,14,2023-06,PaddleSeg
2030,513813137,13,2023-06,
2031,262296122,13,2023-06,PaddleOCR
2032,251201169,11,2023-06,
2033,296268741,10,2023-06,
2034,104208128,10,2023-06,
2035,244790548,8,2023-06,
2036,583199561,5,2023-06,
2037,333611338,5,2023-06,
2038,427252454,3,2023-06,
2039,110688239,3,2023-06,
2040,228290594,3,2023-06,PaddleSlim
2041,385199026,2,2023-06,
2042,312259012,2,2023-06,
2043,127058653,2,2023-06,
2044,513505410,2,2023-06,
2045,227880026,2,2023-06,
2046,261698998,2,2023-06,
2047,314704349,2,2023-06,
2048,562479767,1,2023-06,
2049,161509700,1,2023-06,
2050,114885555,1,2023-06,
2051,493152580,1,2023-06,
2052,273214029,1,2023-06,PaddleGAN
2053,566237024,1,2023-06,
2054,191286408,1,2023-06,
2055,65711522,421,2023-07,Paddle
2056,336274588,130,2023-07,PaddleNLP
2057,136450404,86,2023-07,
2058,383138186,65,2023-07,
2059,622926337,59,2023-07,
2060,475341715,54,2023-07,
2061,608649692,49,2023-07,
2062,262296122,29,2023-07,PaddleOCR
2063,426046572,28,2023-07,
2064,296268741,25,2023-07,
2065,662392605,22,2023-07,
2066,217475193,19,2023-07,PaddleDetection
2067,204380779,16,2023-07,PaddleSeg
2068,436903861,13,2023-07,
2069,493152580,12,2023-07,
2070,507861208,11,2023-07,FastDeploy
2071,251201169,11,2023-07,
2072,173032424,8,2023-07,
2073,513813137,7,2023-07,
2074,583199561,6,2023-07,
2075,104208128,5,2023-07,
2076,333611338,5,2023-07,
2077,259513732,3,2023-07,
2078,261698998,2,2023-07,
2079,228290594,2,2023-07,PaddleSlim
2080,88868842,2,2023-07,models
2081,312259012,2,2023-07,
2082,427252454,1,2023-07,
2083,273214029,1,2023-07,PaddleGAN
2084,161509700,1,2023-07,
2085,515526146,1,2023-07,
2086,314704349,1,2023-07,
2087,246509073,1,2023-07,
2088,65711522,583,2023-08,Paddle
2089,336274588,163,2023-08,PaddleNLP
2090,136450404,57,2023-08,
2091,383138186,55,2023-08,
2092,662392605,54,2023-08,
2093,622926337,54,2023-08,
2094,608649692,50,2023-08,
2095,426046572,45,2023-08,
2096,262296122,45,2023-08,PaddleOCR
2097,296268741,22,2023-08,
2098,475341715,20,2023-08,
2099,251201169,17,2023-08,
2100,204380779,14,2023-08,PaddleSeg
2101,436903861,12,2023-08,
2102,217475193,11,2023-08,PaddleDetection
2103,685099320,7,2023-08,
2104,261698998,7,2023-08,
2105,173032424,6,2023-08,
2106,228290594,6,2023-08,PaddleSlim
2107,513813137,6,2023-08,
2108,259513732,5,2023-08,
2109,596560396,5,2023-08,
2110,493152580,4,2023-08,
2111,104208128,4,2023-08,
2112,321995806,3,2023-08,
2113,161509700,3,2023-08,
2114,507861208,3,2023-08,FastDeploy
2115,312259012,2,2023-08,
2116,427252454,2,2023-08,
2117,191286408,1,2023-08,
2118,583199561,1,2023-08,
2119,333611338,1,2023-08,
2120,127058653,1,2023-08,
2121,314704349,1,2023-08,
2122,515526146,1,2023-08,
2123,513505410,1,2023-08,
2124,273214029,1,2023-08,PaddleGAN
2125,65711522,631,2023-09,Paddle
2126,336274588,131,2023-09,PaddleNLP
2127,662392605,60,2023-09,
2128,136450404,55,2023-09,
2129,622926337,41,2023-09,
2130,608649692,38,2023-09,
2131,426046572,37,2023-09,
2132,296268741,30,2023-09,
2133,383138186,22,2023-09,
2134,685099320,21,2023-09,
2135,262296122,21,2023-09,PaddleOCR
2136,251201169,20,2023-09,
2137,475341715,20,2023-09,
2138,104208128,13,2023-09,
2139,436903861,12,2023-09,
2140,204380779,8,2023-09,PaddleSeg
2141,217475193,8,2023-09,PaddleDetection
2142,173032424,7,2023-09,
2143,191286408,6,2023-09,
2144,110688239,3,2023-09,
2145,596560396,2,2023-09,
2146,513813137,2,2023-09,
2147,259513732,2,2023-09,
2148,114885555,1,2023-09,
2149,246509073,1,2023-09,
2150,162672577,1,2023-09,PaddleHub
2151,314704349,1,2023-09,
2152,65711522,434,2023-10,Paddle
2153,336274588,76,2023-10,PaddleNLP
2154,136450404,52,2023-10,
2155,426046572,38,2023-10,
2156,662392605,30,2023-10,
2157,296268741,28,2023-10,
2158,475341715,18,2023-10,
2159,262296122,17,2023-10,PaddleOCR
2160,251201169,17,2023-10,
2161,383138186,16,2023-10,
2162,507861208,12,2023-10,FastDeploy
2163,608649692,10,2023-10,
2164,622926337,9,2023-10,
2165,685099320,8,2023-10,
2166,436903861,6,2023-10,
2167,217475193,6,2023-10,PaddleDetection
2168,204380779,5,2023-10,PaddleSeg
2169,261698998,5,2023-10,
2170,104208128,4,2023-10,
2171,173032424,3,2023-10,
2172,513505410,2,2023-10,
2173,259513732,2,2023-10,
2174,228290594,1,2023-10,PaddleSlim
2175,127058653,1,2023-10,
2176,65711522,682,2023-11,Paddle
2177,336274588,78,2023-11,PaddleNLP
2178,426046572,55,2023-11,
2179,662392605,42,2023-11,
2180,296268741,41,2023-11,
2181,383138186,40,2023-11,
2182,136450404,39,2023-11,
2183,685099320,37,2023-11,
2184,436903861,19,2023-11,
2185,608649692,14,2023-11,
2186,204380779,12,2023-11,PaddleSeg
2187,251201169,8,2023-11,
2188,262296122,8,2023-11,PaddleOCR
2189,217475193,7,2023-11,PaddleDetection
2190,475341715,7,2023-11,
2191,507861208,7,2023-11,FastDeploy
2192,228290594,3,2023-11,PaddleSlim
2193,173032424,2,2023-11,
2194,513813137,2,2023-11,
2195,244790548,2,2023-11,
2196,596560396,1,2023-11,
2197,273214029,1,2023-11,PaddleGAN
2198,261698998,1,2023-11,
2199,312259012,1,2023-11,
2200,110688239,1,2023-11,
2201,250154445,1,2023-11,
2202,513505410,1,2023-11,
2203,65711522,611,2023-12,Paddle
2204,685099320,117,2023-12,
2205,336274588,100,2023-12,PaddleNLP
2206,136450404,48,2023-12,
2207,426046572,43,2023-12,
2208,296268741,26,2023-12,
2209,662392605,19,2023-12,
2210,436903861,19,2023-12,
2211,608649692,17,2023-12,
2212,383138186,17,2023-12,
2213,475341715,14,2023-12,
2214,261698998,11,2023-12,
2215,262296122,9,2023-12,PaddleOCR
2216,228290594,7,2023-12,PaddleSlim
2217,217475193,5,2023-12,PaddleDetection
2218,507861208,5,2023-12,FastDeploy
2219,596560396,5,2023-12,
2220,513813137,4,2023-12,
2221,204380779,4,2023-12,PaddleSeg
2222,259513732,4,2023-12,
2223,312259012,3,2023-12,
2224,191286408,2,2023-12,
2225,244790548,2,2023-12,
2226,251201169,2,2023-12,
2227,493152580,1,2023-12,
2228,110688239,1,2023-12,
2229,513505410,1,2023-12,
2230,273214029,1,2023-12,PaddleGAN
2231,65711522,589,2024-01,Paddle
2232,336274588,91,2024-01,PaddleNLP
2233,136450404,64,2024-01,
2234,383138186,54,2024-01,
2235,426046572,44,2024-01,
2236,685099320,44,2024-01,
2237,475341715,23,2024-01,
2238,662392605,23,2024-01,
2239,436903861,20,2024-01,
2240,296268741,17,2024-01,
2241,262296122,9,2024-01,PaddleOCR
2242,227347371,9,2024-01,
2243,259513732,7,2024-01,
2244,608649692,5,2024-01,
2245,228290594,4,2024-01,PaddleSlim
2246,261698998,3,2024-01,
2247,127058653,2,2024-01,
2248,596560396,1,2024-01,
2249,110688239,1,2024-01,
2250,251201169,1,2024-01,
2251,507861208,1,2024-01,FastDeploy
2252,204380779,1,2024-01,PaddleSeg
2253,217475193,1,2024-01,PaddleDetection
2254,65711522,638,2024-02,Paddle
2255,475341715,28,2024-02,
2256,336274588,25,2024-02,PaddleNLP
2257,662392605,24,2024-02,
2258,383138186,19,2024-02,
2259,127058653,13,2024-02,
2260,426046572,13,2024-02,
2261,136450404,11,2024-02,
2262,228290594,8,2024-02,PaddleSlim
2263,513813137,8,2024-02,
2264,608649692,6,2024-02,
2265,296268741,5,2024-02,
2266,436903861,4,2024-02,
2267,507861208,3,2024-02,FastDeploy
2268,493152580,3,2024-02,
2269,251201169,3,2024-02,
2270,685099320,3,2024-02,
2271,583199561,3,2024-02,
2272,273214029,3,2024-02,PaddleGAN
2273,261698998,2,2024-02,
2274,427252454,2,2024-02,
2275,110688239,2,2024-02,
2276,262296122,1,2024-02,PaddleOCR
2277,259513732,1,2024-02,
2278,104208128,1,2024-02,
2279,513505410,1,2024-02,
2280,244790548,1,2024-02,
2281,173032424,1,2024-02,
2282,596560396,1,2024-02,
2283,164796418,1,2024-02,
2284,515526146,1,2024-02,
2285,65711522,495,2024-03,Paddle
2286,336274588,65,2024-03,PaddleNLP
2287,475341715,54,2024-03,
2288,383138186,47,2024-03,
2289,136450404,29,2024-03,
2290,662392605,25,2024-03,
2291,426046572,24,2024-03,
2292,296268741,16,2024-03,
2293,217475193,9,2024-03,PaddleDetection
2294,204380779,8,2024-03,PaddleSeg
2295,251201169,7,2024-03,
2296,262296122,7,2024-03,PaddleOCR
2297,608649692,6,2024-03,
2298,261698998,6,2024-03,
2299,259513732,6,2024-03,
2300,104208128,4,2024-03,
2301,173032424,3,2024-03,
2302,436903861,3,2024-03,
2303,513505410,2,2024-03,
2304,507861208,2,2024-03,FastDeploy
2305,110688239,1,2024-03,
2306,312259012,1,2024-03,
2307,427252454,1,2024-03,
2308,513813137,1,2024-03,
2309,273214029,1,2024-03,PaddleGAN
2310,228290594,1,2024-03,PaddleSlim
